DATE,YEAR,DAY,MONTH,CODE,RAW DATE,VALUE (Kg)
1989-01-01,1989,1,1,SECEX12_XGASOLKG12,1989-01-01T00:00:00-02:00,232338164.0
1989-02-01,1989,1,2,SECEX12_XGASOLKG12,1989-02-01T00:00:00-02:00,350582115.0
1989-03-01,1989,1,3,SECEX12_XGASOLKG12,1989-03-01T00:00:00-03:00,332967239.0
1989-04-01,1989,1,4,SECEX12_XGASOLKG12,1989-04-01T00:00:00-03:00,319058008.0
1989-05-01,1989,1,5,SECEX12_XGASOLKG12,1989-05-01T00:00:00-03:00,200489724.0
1989-06-01,1989,1,6,SECEX12_XGASOLKG12,1989-06-01T00:00:00-03:00,220871657.0
1989-07-01,1989,1,7,SECEX12_XGASOLKG12,1989-07-01T00:00:00-03:00,235166730.0
1989-08-01,1989,1,8,SECEX12_XGASOLKG12,1989-08-01T00:00:00-03:00,170977683.0
1989-09-01,1989,1,9,SECEX12_XGASOLKG12,1989-09-01T00:00:00-03:00,266952948.0
1989-10-01,1989,1,10,SECEX12_XGASOLKG12,1989-10-01T00:00:00-03:00,376685003.0
1989-11-01,1989,1,11,SECEX12_XGASOLKG12,1989-11-01T00:00:00-03:00,162480273.0
1989-12-01,1989,1,12,SECEX12_XGASOLKG12,1989-12-01T00:00:00-02:00,37915302.0
1990-01-01,1990,1,1,SECEX12_XGASOLKG12,1990-01-01T00:00:00-02:00,41328777.0
1990-02-01,1990,1,2,SECEX12_XGASOLKG12,1990-02-01T00:00:00-02:00,296887.0
1990-03-01,1990,1,3,SECEX12_XGASOLKG12,1990-03-01T00:00:00-03:00,60224543.0
1990-04-01,1990,1,4,SECEX12_XGASOLKG12,1990-04-01T00:00:00-03:00,169747526.0
1990-05-01,1990,1,5,SECEX12_XGASOLKG12,1990-05-01T00:00:00-03:00,172111094.0
1990-06-01,1990,1,6,SECEX12_XGASOLKG12,1990-06-01T00:00:00-03:00,100897527.0
1990-07-01,1990,1,7,SECEX12_XGASOLKG12,1990-07-01T00:00:00-03:00,335400729.0
1990-08-01,1990,1,8,SECEX12_XGASOLKG12,1990-08-01T00:00:00-03:00,167359756.0
1990-09-01,1990,1,9,SECEX12_XGASOLKG12,1990-09-01T00:00:00-03:00,69686836.0
1990-10-01,1990,1,10,SECEX12_XGASOLKG12,1990-10-01T00:00:00-03:00,176087526.0
1990-11-01,1990,1,11,SECEX12_XGASOLKG12,1990-11-01T00:00:00-03:00,210619910.0
1990-12-01,1990,1,12,SECEX12_XGASOLKG12,1990-12-01T00:00:00-02:00,154767244.0
1991-01-01,1991,1,1,SECEX12_XGASOLKG12,1991-01-01T00:00:00-02:00,67571351.0
1991-02-01,1991,1,2,SECEX12_XGASOLKG12,1991-02-01T00:00:00-02:00,465758.0
1991-03-01,1991,1,3,SECEX12_XGASOLKG12,1991-03-01T00:00:00-03:00,66047.0
1991-04-01,1991,1,4,SECEX12_XGASOLKG12,1991-04-01T00:00:00-03:00,90939861.0
1991-05-01,1991,1,5,SECEX12_XGASOLKG12,1991-05-01T00:00:00-03:00,158521188.0
1991-06-01,1991,1,6,SECEX12_XGASOLKG12,1991-06-01T00:00:00-03:00,136995157.0
1991-07-01,1991,1,7,SECEX12_XGASOLKG12,1991-07-01T00:00:00-03:00,73584625.0
1991-08-01,1991,1,8,SECEX12_XGASOLKG12,1991-08-01T00:00:00-03:00,168912143.0
1991-09-01,1991,1,9,SECEX12_XGASOLKG12,1991-09-01T00:00:00-03:00,750789.0
1991-10-01,1991,1,10,SECEX12_XGASOLKG12,1991-10-01T00:00:00-03:00,124209033.0
1991-11-01,1991,1,11,SECEX12_XGASOLKG12,1991-11-01T00:00:00-03:00,130124651.0
1991-12-01,1991,1,12,SECEX12_XGASOLKG12,1991-12-01T00:00:00-02:00,187575981.0
1992-01-01,1992,1,1,SECEX12_XGASOLKG12,1992-01-01T00:00:00-02:00,31462178.0
1992-02-01,1992,1,2,SECEX12_XGASOLKG12,1992-02-01T00:00:00-02:00,103168479.0
1992-03-01,1992,1,3,SECEX12_XGASOLKG12,1992-03-01T00:00:00-03:00,109596977.0
1992-04-01,1992,1,4,SECEX12_XGASOLKG12,1992-04-01T00:00:00-03:00,160035381.0
1992-05-01,1992,1,5,SECEX12_XGASOLKG12,1992-05-01T00:00:00-03:00,137598466.0
1992-06-01,1992,1,6,SECEX12_XGASOLKG12,1992-06-01T00:00:00-03:00,79541963.0
1992-07-01,1992,1,7,SECEX12_XGASOLKG12,1992-07-01T00:00:00-03:00,97040474.0
1992-08-01,1992,1,8,SECEX12_XGASOLKG12,1992-08-01T00:00:00-03:00,39901241.0
1992-09-01,1992,1,9,SECEX12_XGASOLKG12,1992-09-01T00:00:00-03:00,111802400.0
1992-10-01,1992,1,10,SECEX12_XGASOLKG12,1992-10-01T00:00:00-03:00,168575466.0
1992-11-01,1992,1,11,SECEX12_XGASOLKG12,1992-11-01T00:00:00-03:00,222987777.0
1992-12-01,1992,1,12,SECEX12_XGASOLKG12,1992-12-01T00:00:00-02:00,254475401.0
1993-01-01,1993,1,1,SECEX12_XGASOLKG12,1993-01-01T00:00:00-02:00,0.0
1993-02-01,1993,1,2,SECEX12_XGASOLKG12,1993-02-01T00:00:00-02:00,0.0
1993-03-01,1993,1,3,SECEX12_XGASOLKG12,1993-03-01T00:00:00-03:00,0.0
1993-04-01,1993,1,4,SECEX12_XGASOLKG12,1993-04-01T00:00:00-03:00,176562942.0
1993-05-01,1993,1,5,SECEX12_XGASOLKG12,1993-05-01T00:00:00-03:00,91240848.0
1993-06-01,1993,1,6,SECEX12_XGASOLKG12,1993-06-01T00:00:00-03:00,228395179.0
1993-07-01,1993,1,7,SECEX12_XGASOLKG12,1993-07-01T00:00:00-03:00,277943286.0
1993-08-01,1993,1,8,SECEX12_XGASOLKG12,1993-08-01T00:00:00-03:00,577648372.0
1993-09-01,1993,1,9,SECEX12_XGASOLKG12,1993-09-01T00:00:00-03:00,157156859.0
1993-10-01,1993,1,10,SECEX12_XGASOLKG12,1993-10-01T00:00:00-03:00,314233917.0
1993-11-01,1993,1,11,SECEX12_XGASOLKG12,1993-11-01T00:00:00-03:00,272770740.0
1993-12-01,1993,1,12,SECEX12_XGASOLKG12,1993-12-01T00:00:00-02:00,282801152.0
1994-01-01,1994,1,1,SECEX12_XGASOLKG12,1994-01-01T00:00:00-02:00,316607649.0
1994-02-01,1994,1,2,SECEX12_XGASOLKG12,1994-02-01T00:00:00-02:00,249820570.0
1994-03-01,1994,1,3,SECEX12_XGASOLKG12,1994-03-01T00:00:00-03:00,81915422.0
1994-04-01,1994,1,4,SECEX12_XGASOLKG12,1994-04-01T00:00:00-03:00,159702414.0
1994-05-01,1994,1,5,SECEX12_XGASOLKG12,1994-05-01T00:00:00-03:00,380187350.0
1994-06-01,1994,1,6,SECEX12_XGASOLKG12,1994-06-01T00:00:00-03:00,218163608.0
1994-07-01,1994,1,7,SECEX12_XGASOLKG12,1994-07-01T00:00:00-03:00,314598312.0
1994-08-01,1994,1,8,SECEX12_XGASOLKG12,1994-08-01T00:00:00-03:00,199514650.0
1994-09-01,1994,1,9,SECEX12_XGASOLKG12,1994-09-01T00:00:00-03:00,352906634.0
1994-10-01,1994,1,10,SECEX12_XGASOLKG12,1994-10-01T00:00:00-03:00,229375236.0
1994-11-01,1994,1,11,SECEX12_XGASOLKG12,1994-11-01T00:00:00-03:00,240941139.0
1994-12-01,1994,1,12,SECEX12_XGASOLKG12,1994-12-01T00:00:00-02:00,62356996.0
1995-01-01,1995,1,1,SECEX12_XGASOLKG12,1995-01-01T00:00:00-02:00,11385959.0
1995-02-01,1995,1,2,SECEX12_XGASOLKG12,1995-02-01T00:00:00-02:00,48730267.0
1995-03-01,1995,1,3,SECEX12_XGASOLKG12,1995-03-01T00:00:00-03:00,84387028.0
1995-04-01,1995,1,4,SECEX12_XGASOLKG12,1995-04-01T00:00:00-03:00,19991316.0
1995-05-01,1995,1,5,SECEX12_XGASOLKG12,1995-05-01T00:00:00-03:00,32450622.0
1995-06-01,1995,1,6,SECEX12_XGASOLKG12,1995-06-01T00:00:00-03:00,37807876.0
1995-07-01,1995,1,7,SECEX12_XGASOLKG12,1995-07-01T00:00:00-03:00,194552.0
1995-08-01,1995,1,8,SECEX12_XGASOLKG12,1995-08-01T00:00:00-03:00,169077.0
1995-09-01,1995,1,9,SECEX12_XGASOLKG12,1995-09-01T00:00:00-03:00,40301449.0
1995-10-01,1995,1,10,SECEX12_XGASOLKG12,1995-10-01T00:00:00-03:00,143858701.0
1995-11-01,1995,1,11,SECEX12_XGASOLKG12,1995-11-01T00:00:00-03:00,65008203.0
1995-12-01,1995,1,12,SECEX12_XGASOLKG12,1995-12-01T00:00:00-02:00,139949679.0
1996-01-01,1996,1,1,SECEX12_XGASOLKG12,1996-01-01T00:00:00-02:00,136022740.0
1996-02-01,1996,1,2,SECEX12_XGASOLKG12,1996-02-01T00:00:00-02:00,16924817.0
1996-03-01,1996,1,3,SECEX12_XGASOLKG12,1996-03-01T00:00:00-03:00,121163267.0
1996-04-01,1996,1,4,SECEX12_XGASOLKG12,1996-04-01T00:00:00-03:00,899915.0
1996-05-01,1996,1,5,SECEX12_XGASOLKG12,1996-05-01T00:00:00-03:00,33504509.0
1996-06-01,1996,1,6,SECEX12_XGASOLKG12,1996-06-01T00:00:00-03:00,1334375.0
1996-07-01,1996,1,7,SECEX12_XGASOLKG12,1996-07-01T00:00:00-03:00,12507067.0
1996-08-01,1996,1,8,SECEX12_XGASOLKG12,1996-08-01T00:00:00-03:00,184225803.0
1996-09-01,1996,1,9,SECEX12_XGASOLKG12,1996-09-01T00:00:00-03:00,99743574.0
1996-10-01,1996,1,10,SECEX12_XGASOLKG12,1996-10-01T00:00:00-03:00,87471027.0
1996-11-01,1996,1,11,SECEX12_XGASOLKG12,1996-11-01T00:00:00-03:00,57740826.0
1996-12-01,1996,1,12,SECEX12_XGASOLKG12,1996-12-01T00:00:00-02:00,29913817.0
1997-01-01,1997,1,1,SECEX12_XGASOLKG12,1997-01-01T00:00:00-02:00,2895395.0
1997-02-01,1997,1,2,SECEX12_XGASOLKG12,1997-02-01T00:00:00-02:00,35119571.0
1997-03-01,1997,1,3,SECEX12_XGASOLKG12,1997-03-01T00:00:00-03:00,411100.0
1997-04-01,1997,1,4,SECEX12_XGASOLKG12,1997-04-01T00:00:00-03:00,5963336.0
1997-05-01,1997,1,5,SECEX12_XGASOLKG12,1997-05-01T00:00:00-03:00,280636.0
1997-06-01,1997,1,6,SECEX12_XGASOLKG12,1997-06-01T00:00:00-03:00,36102338.0
1997-07-01,1997,1,7,SECEX12_XGASOLKG12,1997-07-01T00:00:00-03:00,146153249.0
1997-08-01,1997,1,8,SECEX12_XGASOLKG12,1997-08-01T00:00:00-03:00,99785934.0
1997-09-01,1997,1,9,SECEX12_XGASOLKG12,1997-09-01T00:00:00-03:00,34920541.0
1997-10-01,1997,1,10,SECEX12_XGASOLKG12,1997-10-01T00:00:00-03:00,71510754.0
1997-11-01,1997,1,11,SECEX12_XGASOLKG12,1997-11-01T00:00:00-03:00,3668980.0
1997-12-01,1997,1,12,SECEX12_XGASOLKG12,1997-12-01T00:00:00-02:00,27479250.0
1998-01-01,1998,1,1,SECEX12_XGASOLKG12,1998-01-01T00:00:00-02:00,34092722.0
1998-02-01,1998,1,2,SECEX12_XGASOLKG12,1998-02-01T00:00:00-02:00,522561.0
1998-03-01,1998,1,3,SECEX12_XGASOLKG12,1998-03-01T00:00:00-03:00,33113257.0
1998-04-01,1998,1,4,SECEX12_XGASOLKG12,1998-04-01T00:00:00-03:00,102145902.0
1998-05-01,1998,1,5,SECEX12_XGASOLKG12,1998-05-01T00:00:00-03:00,33899028.0
1998-06-01,1998,1,6,SECEX12_XGASOLKG12,1998-06-01T00:00:00-03:00,92051772.0
1998-07-01,1998,1,7,SECEX12_XGASOLKG12,1998-07-01T00:00:00-03:00,183705496.0
1998-08-01,1998,1,8,SECEX12_XGASOLKG12,1998-08-01T00:00:00-03:00,31876742.0
1998-09-01,1998,1,9,SECEX12_XGASOLKG12,1998-09-01T00:00:00-03:00,325698616.0
1998-10-01,1998,1,10,SECEX12_XGASOLKG12,1998-10-01T00:00:00-03:00,98157925.0
1998-11-01,1998,1,11,SECEX12_XGASOLKG12,1998-11-01T00:00:00-03:00,102146415.0
1998-12-01,1998,1,12,SECEX12_XGASOLKG12,1998-12-01T00:00:00-02:00,128293914.0
1999-01-01,1999,1,1,SECEX12_XGASOLKG12,1999-01-01T00:00:00-02:00,102161315.0
1999-02-01,1999,1,2,SECEX12_XGASOLKG12,1999-02-01T00:00:00-02:00,3363147.0
1999-03-01,1999,1,3,SECEX12_XGASOLKG12,1999-03-01T00:00:00-03:00,3294551.0
1999-04-01,1999,1,4,SECEX12_XGASOLKG12,1999-04-01T00:00:00-03:00,5447365.0
1999-05-01,1999,1,5,SECEX12_XGASOLKG12,1999-05-01T00:00:00-03:00,14697791.0
1999-06-01,1999,1,6,SECEX12_XGASOLKG12,1999-06-01T00:00:00-03:00,55308624.0
1999-07-01,1999,1,7,SECEX12_XGASOLKG12,1999-07-01T00:00:00-03:00,188028810.0
1999-08-01,1999,1,8,SECEX12_XGASOLKG12,1999-08-01T00:00:00-03:00,211077783.0
1999-09-01,1999,1,9,SECEX12_XGASOLKG12,1999-09-01T00:00:00-03:00,193062151.0
1999-10-01,1999,1,10,SECEX12_XGASOLKG12,1999-10-01T00:00:00-03:00,201774757.0
1999-11-01,1999,1,11,SECEX12_XGASOLKG12,1999-11-01T00:00:00-03:00,24525896.0
1999-12-01,1999,1,12,SECEX12_XGASOLKG12,1999-12-01T00:00:00-02:00,125307451.0
2000-01-01,2000,1,1,SECEX12_XGASOLKG12,2000-01-01T00:00:00-02:00,84005936.0
2000-02-01,2000,1,2,SECEX12_XGASOLKG12,2000-02-01T00:00:00-02:00,1245179.0
2000-03-01,2000,1,3,SECEX12_XGASOLKG12,2000-03-01T00:00:00-03:00,164401712.0
2000-04-01,2000,1,4,SECEX12_XGASOLKG12,2000-04-01T00:00:00-03:00,359482.0
2000-05-01,2000,1,5,SECEX12_XGASOLKG12,2000-05-01T00:00:00-03:00,117750793.0
2000-06-01,2000,1,6,SECEX12_XGASOLKG12,2000-06-01T00:00:00-03:00,69148254.0
2000-07-01,2000,1,7,SECEX12_XGASOLKG12,2000-07-01T00:00:00-03:00,117187746.0
2000-08-01,2000,1,8,SECEX12_XGASOLKG12,2000-08-01T00:00:00-03:00,241579402.0
2000-09-01,2000,1,9,SECEX12_XGASOLKG12,2000-09-01T00:00:00-03:00,183663143.0
2000-10-01,2000,1,10,SECEX12_XGASOLKG12,2000-10-01T00:00:00-03:00,151901935.0
2000-11-01,2000,1,11,SECEX12_XGASOLKG12,2000-11-01T00:00:00-03:00,68238041.0
2000-12-01,2000,1,12,SECEX12_XGASOLKG12,2000-12-01T00:00:00-02:00,270979509.0
2001-01-01,2001,1,1,SECEX12_XGASOLKG12,2001-01-01T00:00:00-02:00,196153724.0
2001-02-01,2001,1,2,SECEX12_XGASOLKG12,2001-02-01T00:00:00-02:00,104124580.0
2001-03-01,2001,1,3,SECEX12_XGASOLKG12,2001-03-01T00:00:00-03:00,201344294.0
2001-04-01,2001,1,4,SECEX12_XGASOLKG12,2001-04-01T00:00:00-03:00,175708482.0
2001-05-01,2001,1,5,SECEX12_XGASOLKG12,2001-05-01T00:00:00-03:00,167604369.0
2001-06-01,2001,1,6,SECEX12_XGASOLKG12,2001-06-01T00:00:00-03:00,119196545.0
2001-07-01,2001,1,7,SECEX12_XGASOLKG12,2001-07-01T00:00:00-03:00,203379260.0
2001-08-01,2001,1,8,SECEX12_XGASOLKG12,2001-08-01T00:00:00-03:00,320669521.0
2001-09-01,2001,1,9,SECEX12_XGASOLKG12,2001-09-01T00:00:00-03:00,83855983.0
2001-10-01,2001,1,10,SECEX12_XGASOLKG12,2001-10-01T00:00:00-03:00,223289690.0
2001-11-01,2001,1,11,SECEX12_XGASOLKG12,2001-11-01T00:00:00-03:00,181700416.0
2001-12-01,2001,1,12,SECEX12_XGASOLKG12,2001-12-01T00:00:00-02:00,172985712.0
2002-01-01,2002,1,1,SECEX12_XGASOLKG12,2002-01-01T00:00:00-02:00,203348437.0
2002-02-01,2002,1,2,SECEX12_XGASOLKG12,2002-02-01T00:00:00-02:00,70954843.0
2002-03-01,2002,1,3,SECEX12_XGASOLKG12,2002-03-01T00:00:00-03:00,385816781.0
2002-04-01,2002,1,4,SECEX12_XGASOLKG12,2002-04-01T00:00:00-03:00,200143571.0
2002-05-01,2002,1,5,SECEX12_XGASOLKG12,2002-05-01T00:00:00-03:00,184820580.0
2002-06-01,2002,1,6,SECEX12_XGASOLKG12,2002-06-01T00:00:00-03:00,314929187.0
2002-07-01,2002,1,7,SECEX12_XGASOLKG12,2002-07-01T00:00:00-03:00,91919426.0
2002-08-01,2002,1,8,SECEX12_XGASOLKG12,2002-08-01T00:00:00-03:00,263120494.0
2002-09-01,2002,1,9,SECEX12_XGASOLKG12,2002-09-01T00:00:00-03:00,141780174.0
2002-10-01,2002,1,10,SECEX12_XGASOLKG12,2002-10-01T00:00:00-03:00,279220275.0
2002-11-01,2002,1,11,SECEX12_XGASOLKG12,2002-11-01T00:00:00-03:00,188290928.0
2002-12-01,2002,1,12,SECEX12_XGASOLKG12,2002-12-01T00:00:00-02:00,128937264.0
2003-01-01,2003,1,1,SECEX12_XGASOLKG12,2003-01-01T00:00:00-02:00,264233173.0
2003-02-01,2003,1,2,SECEX12_XGASOLKG12,2003-02-01T00:00:00-02:00,70436473.0
2003-03-01,2003,1,3,SECEX12_XGASOLKG12,2003-03-01T00:00:00-03:00,188798102.0
2003-04-01,2003,1,4,SECEX12_XGASOLKG12,2003-04-01T00:00:00-03:00,159472884.0
2003-05-01,2003,1,5,SECEX12_XGASOLKG12,2003-05-01T00:00:00-03:00,179561192.0
2003-06-01,2003,1,6,SECEX12_XGASOLKG12,2003-06-01T00:00:00-03:00,434303.0
2003-07-01,2003,1,7,SECEX12_XGASOLKG12,2003-07-01T00:00:00-03:00,167401216.0
2003-08-01,2003,1,8,SECEX12_XGASOLKG12,2003-08-01T00:00:00-03:00,225103728.0
2003-09-01,2003,1,9,SECEX12_XGASOLKG12,2003-09-01T00:00:00-03:00,195675801.0
2003-10-01,2003,1,10,SECEX12_XGASOLKG12,2003-10-01T00:00:00-03:00,203487885.0
2003-11-01,2003,1,11,SECEX12_XGASOLKG12,2003-11-01T00:00:00-03:00,182098140.0
2003-12-01,2003,1,12,SECEX12_XGASOLKG12,2003-12-01T00:00:00-02:00,161105951.0
2004-01-01,2004,1,1,SECEX12_XGASOLKG12,2004-01-01T00:00:00-02:00,15856509.0
2004-02-01,2004,1,2,SECEX12_XGASOLKG12,2004-02-01T00:00:00-02:00,78687848.0
2004-03-01,2004,1,3,SECEX12_XGASOLKG12,2004-03-01T00:00:00-03:00,78119974.0
2004-04-01,2004,1,4,SECEX12_XGASOLKG12,2004-04-01T00:00:00-03:00,194370947.0
2004-05-01,2004,1,5,SECEX12_XGASOLKG12,2004-05-01T00:00:00-03:00,77352405.0
2004-06-01,2004,1,6,SECEX12_XGASOLKG12,2004-06-01T00:00:00-03:00,251906267.0
2004-07-01,2004,1,7,SECEX12_XGASOLKG12,2004-07-01T00:00:00-03:00,113998097.0
2004-08-01,2004,1,8,SECEX12_XGASOLKG12,2004-08-01T00:00:00-03:00,264754130.0
2004-09-01,2004,1,9,SECEX12_XGASOLKG12,2004-09-01T00:00:00-03:00,28398621.0
2004-10-01,2004,1,10,SECEX12_XGASOLKG12,2004-10-01T00:00:00-03:00,76525584.0
2004-11-01,2004,1,11,SECEX12_XGASOLKG12,2004-11-01T00:00:00-03:00,42903212.0
2004-12-01,2004,1,12,SECEX12_XGASOLKG12,2004-12-01T00:00:00-02:00,281394912.0
2005-01-01,2005,1,1,SECEX12_XGASOLKG12,2005-01-01T00:00:00-02:00,158084908.0
2005-02-01,2005,1,2,SECEX12_XGASOLKG12,2005-02-01T00:00:00-02:00,203088508.0
2005-03-01,2005,1,3,SECEX12_XGASOLKG12,2005-03-01T00:00:00-03:00,95704629.0
2005-04-01,2005,1,4,SECEX12_XGASOLKG12,2005-04-01T00:00:00-03:00,83720342.0
2005-05-01,2005,1,5,SECEX12_XGASOLKG12,2005-05-01T00:00:00-03:00,80035190.0
2005-06-01,2005,1,6,SECEX12_XGASOLKG12,2005-06-01T00:00:00-03:00,100563114.0
2005-07-01,2005,1,7,SECEX12_XGASOLKG12,2005-07-01T00:00:00-03:00,369582358.0
2005-08-01,2005,1,8,SECEX12_XGASOLKG12,2005-08-01T00:00:00-03:00,243837408.0
2005-09-01,2005,1,9,SECEX12_XGASOLKG12,2005-09-01T00:00:00-03:00,38158697.0
2005-10-01,2005,1,10,SECEX12_XGASOLKG12,2005-10-01T00:00:00-03:00,237620466.0
2005-11-01,2005,1,11,SECEX12_XGASOLKG12,2005-11-01T00:00:00-02:00,240561883.0
2005-12-01,2005,1,12,SECEX12_XGASOLKG12,2005-12-01T00:00:00-02:00,263608750.0
2006-01-01,2006,1,1,SECEX12_XGASOLKG12,2006-01-01T00:00:00-02:00,162022840.0
2006-02-01,2006,1,2,SECEX12_XGASOLKG12,2006-02-01T00:00:00-02:00,126427626.0
2006-03-01,2006,1,3,SECEX12_XGASOLKG12,2006-03-01T00:00:00-03:00,247082037.0
2006-04-01,2006,1,4,SECEX12_XGASOLKG12,2006-04-01T00:00:00-03:00,267057443.0
2006-05-01,2006,1,5,SECEX12_XGASOLKG12,2006-05-01T00:00:00-03:00,36245509.0
2006-06-01,2006,1,6,SECEX12_XGASOLKG12,2006-06-01T00:00:00-03:00,99941620.0
2006-07-01,2006,1,7,SECEX12_XGASOLKG12,2006-07-01T00:00:00-03:00,169356016.0
2006-08-01,2006,1,8,SECEX12_XGASOLKG12,2006-08-01T00:00:00-03:00,267756244.0
2006-09-01,2006,1,9,SECEX12_XGASOLKG12,2006-09-01T00:00:00-03:00,327452486.0
2006-10-01,2006,1,10,SECEX12_XGASOLKG12,2006-10-01T00:00:00-03:00,92724764.0
2006-11-01,2006,1,11,SECEX12_XGASOLKG12,2006-11-01T00:00:00-03:00,88919825.0
2006-12-01,2006,1,12,SECEX12_XGASOLKG12,2006-12-01T00:00:00-02:00,119076413.0
2007-01-01,2007,1,1,SECEX12_XGASOLKG12,2007-01-01T00:00:00-02:00,147768362.0
2007-02-01,2007,1,2,SECEX12_XGASOLKG12,2007-02-01T00:00:00-02:00,75882963.0
2007-03-01,2007,1,3,SECEX12_XGASOLKG12,2007-03-01T00:00:00-03:00,129858758.0
2007-04-01,2007,1,4,SECEX12_XGASOLKG12,2007-04-01T00:00:00-03:00,156243003.0
2007-05-01,2007,1,5,SECEX12_XGASOLKG12,2007-05-01T00:00:00-03:00,393494522.0
2007-06-01,2007,1,6,SECEX12_XGASOLKG12,2007-06-01T00:00:00-03:00,247277948.0
2007-07-01,2007,1,7,SECEX12_XGASOLKG12,2007-07-01T00:00:00-03:00,253806096.0
2007-08-01,2007,1,8,SECEX12_XGASOLKG12,2007-08-01T00:00:00-03:00,270713659.0
2007-09-01,2007,1,9,SECEX12_XGASOLKG12,2007-09-01T00:00:00-03:00,292864459.0
2007-10-01,2007,1,10,SECEX12_XGASOLKG12,2007-10-01T00:00:00-03:00,260426015.0
2007-11-01,2007,1,11,SECEX12_XGASOLKG12,2007-11-01T00:00:00-02:00,356969133.0
2007-12-01,2007,1,12,SECEX12_XGASOLKG12,2007-12-01T00:00:00-02:00,164555011.0
2008-01-01,2008,1,1,SECEX12_XGASOLKG12,2008-01-01T00:00:00-02:00,166829281.0
2008-02-01,2008,1,2,SECEX12_XGASOLKG12,2008-02-01T00:00:00-02:00,236274023.0
2008-03-01,2008,1,3,SECEX12_XGASOLKG12,2008-03-01T00:00:00-03:00,75570833.0
2008-04-01,2008,1,4,SECEX12_XGASOLKG12,2008-04-01T00:00:00-03:00,96231749.0
2008-05-01,2008,1,5,SECEX12_XGASOLKG12,2008-05-01T00:00:00-03:00,189845951.0
2008-06-01,2008,1,6,SECEX12_XGASOLKG12,2008-06-01T00:00:00-03:00,201539466.0
2008-07-01,2008,1,7,SECEX12_XGASOLKG12,2008-07-01T00:00:00-03:00,137359601.0
2008-08-01,2008,1,8,SECEX12_XGASOLKG12,2008-08-01T00:00:00-03:00,352651778.0
2008-09-01,2008,1,9,SECEX12_XGASOLKG12,2008-09-01T00:00:00-03:00,127481879.0
2008-10-01,2008,1,10,SECEX12_XGASOLKG12,2008-10-01T00:00:00-03:00,125217441.0
2008-11-01,2008,1,11,SECEX12_XGASOLKG12,2008-11-01T00:00:00-02:00,47309225.0
2008-12-01,2008,1,12,SECEX12_XGASOLKG12,2008-12-01T00:00:00-02:00,171854271.0
2009-01-01,2009,1,1,SECEX12_XGASOLKG12,2009-01-01T00:00:00-02:00,67612263.0
2009-02-01,2009,1,2,SECEX12_XGASOLKG12,2009-02-01T00:00:00-02:00,116023913.0
2009-03-01,2009,1,3,SECEX12_XGASOLKG12,2009-03-01T00:00:00-03:00,82623199.0
2009-04-01,2009,1,4,SECEX12_XGASOLKG12,2009-04-01T00:00:00-03:00,82866153.0
2009-05-01,2009,1,5,SECEX12_XGASOLKG12,2009-05-01T00:00:00-03:00,230455279.0
2009-06-01,2009,1,6,SECEX12_XGASOLKG12,2009-06-01T00:00:00-03:00,170530139.0
2009-07-01,2009,1,7,SECEX12_XGASOLKG12,2009-07-01T00:00:00-03:00,256815188.0
2009-08-01,2009,1,8,SECEX12_XGASOLKG12,2009-08-01T00:00:00-03:00,227542676.0
2009-09-01,2009,1,9,SECEX12_XGASOLKG12,2009-09-01T00:00:00-03:00,242224737.0
2009-10-01,2009,1,10,SECEX12_XGASOLKG12,2009-10-01T00:00:00-03:00,112318478.0
2009-11-01,2009,1,11,SECEX12_XGASOLKG12,2009-11-01T00:00:00-02:00,137365251.0
2009-12-01,2009,1,12,SECEX12_XGASOLKG12,2009-12-01T00:00:00-02:00,142773541.0
2010-01-01,2010,1,1,SECEX12_XGASOLKG12,2010-01-01T00:00:00-02:00,13509727.0
2010-02-01,2010,1,2,SECEX12_XGASOLKG12,2010-02-01T00:00:00-02:00,6702969.0
2010-03-01,2010,1,3,SECEX12_XGASOLKG12,2010-03-01T00:00:00-03:00,15978547.0
2010-04-01,2010,1,4,SECEX12_XGASOLKG12,2010-04-01T00:00:00-03:00,8326782.0
2010-05-01,2010,1,5,SECEX12_XGASOLKG12,2010-05-01T00:00:00-03:00,8730532.0
2010-06-01,2010,1,6,SECEX12_XGASOLKG12,2010-06-01T00:00:00-03:00,47617055.0
2010-07-01,2010,1,7,SECEX12_XGASOLKG12,2010-07-01T00:00:00-03:00,99222692.0
2010-08-01,2010,1,8,SECEX12_XGASOLKG12,2010-08-01T00:00:00-03:00,79455109.0
2010-09-01,2010,1,9,SECEX12_XGASOLKG12,2010-09-01T00:00:00-03:00,78957238.0
2010-10-01,2010,1,10,SECEX12_XGASOLKG12,2010-10-01T00:00:00-03:00,130875860.0
2010-11-01,2010,1,11,SECEX12_XGASOLKG12,2010-11-01T00:00:00-02:00,43389691.0
2010-12-01,2010,1,12,SECEX12_XGASOLKG12,2010-12-01T00:00:00-02:00,40192781.0
2011-01-01,2011,1,1,SECEX12_XGASOLKG12,2011-01-01T00:00:00-02:00,14091068.0
2011-02-01,2011,1,2,SECEX12_XGASOLKG12,2011-02-01T00:00:00-02:00,91203185.0
2011-03-01,2011,1,3,SECEX12_XGASOLKG12,2011-03-01T00:00:00-03:00,31867798.0
2011-04-01,2011,1,4,SECEX12_XGASOLKG12,2011-04-01T00:00:00-03:00,10540476.0
2011-05-01,2011,1,5,SECEX12_XGASOLKG12,2011-05-01T00:00:00-03:00,4608357.0
2011-06-01,2011,1,6,SECEX12_XGASOLKG12,2011-06-01T00:00:00-03:00,3603589.0
2011-07-01,2011,1,7,SECEX12_XGASOLKG12,2011-07-01T00:00:00-03:00,12775162.0
2011-08-01,2011,1,8,SECEX12_XGASOLKG12,2011-08-01T00:00:00-03:00,62267632.0
2011-09-01,2011,1,9,SECEX12_XGASOLKG12,2011-09-01T00:00:00-03:00,1759739.0
2011-10-01,2011,1,10,SECEX12_XGASOLKG12,2011-10-01T00:00:00-03:00,781827.0
2011-11-01,2011,1,11,SECEX12_XGASOLKG12,2011-11-01T00:00:00-02:00,3653934.0
2011-12-01,2011,1,12,SECEX12_XGASOLKG12,2011-12-01T00:00:00-02:00,3025243.0
2012-01-01,2012,1,1,SECEX12_XGASOLKG12,2012-01-01T00:00:00-02:00,1361239.0
2012-02-01,2012,1,2,SECEX12_XGASOLKG12,2012-02-01T00:00:00-02:00,11702715.0
2012-03-01,2012,1,3,SECEX12_XGASOLKG12,2012-03-01T00:00:00-03:00,8634375.0
2012-04-01,2012,1,4,SECEX12_XGASOLKG12,2012-04-01T00:00:00-03:00,8315432.0
2012-05-01,2012,1,5,SECEX12_XGASOLKG12,2012-05-01T00:00:00-03:00,16439912.0
2012-06-01,2012,1,6,SECEX12_XGASOLKG12,2012-06-01T00:00:00-03:00,1645727.0
2012-07-01,2012,1,7,SECEX12_XGASOLKG12,2012-07-01T00:00:00-03:00,13152010.0
2012-08-01,2012,1,8,SECEX12_XGASOLKG12,2012-08-01T00:00:00-03:00,8879878.0
2012-09-01,2012,1,9,SECEX12_XGASOLKG12,2012-09-01T00:00:00-03:00,10044759.0
2012-10-01,2012,1,10,SECEX12_XGASOLKG12,2012-10-01T00:00:00-03:00,8641363.0
2012-11-01,2012,1,11,SECEX12_XGASOLKG12,2012-11-01T00:00:00-02:00,4079890.0
2012-12-01,2012,1,12,SECEX12_XGASOLKG12,2012-12-01T00:00:00-02:00,3879215.0
2013-01-01,2013,1,1,SECEX12_XGASOLKG12,2013-01-01T00:00:00-02:00,7499214.0
2013-02-01,2013,1,2,SECEX12_XGASOLKG12,2013-02-01T00:00:00-02:00,8354749.0
2013-03-01,2013,1,3,SECEX12_XGASOLKG12,2013-03-01T00:00:00-03:00,20689105.0
2013-04-01,2013,1,4,SECEX12_XGASOLKG12,2013-04-01T00:00:00-03:00,19000133.0
2013-05-01,2013,1,5,SECEX12_XGASOLKG12,2013-05-01T00:00:00-03:00,24181240.0
2013-06-01,2013,1,6,SECEX12_XGASOLKG12,2013-06-01T00:00:00-03:00,36873007.0
2013-07-01,2013,1,7,SECEX12_XGASOLKG12,2013-07-01T00:00:00-03:00,24330957.0
2013-08-01,2013,1,8,SECEX12_XGASOLKG12,2013-08-01T00:00:00-03:00,20566593.0
2013-09-01,2013,1,9,SECEX12_XGASOLKG12,2013-09-01T00:00:00-03:00,31340644.0
2013-10-01,2013,1,10,SECEX12_XGASOLKG12,2013-10-01T00:00:00-03:00,17781023.0
2013-11-01,2013,1,11,SECEX12_XGASOLKG12,2013-11-01T00:00:00-02:00,21654444.0
2013-12-01,2013,1,12,SECEX12_XGASOLKG12,2013-12-01T00:00:00-02:00,25437023.0
2014-01-01,2014,1,1,SECEX12_XGASOLKG12,2014-01-01T00:00:00-02:00,24878000.0
2014-02-01,2014,1,2,SECEX12_XGASOLKG12,2014-02-01T00:00:00-02:00,7621272.0
2014-03-01,2014,1,3,SECEX12_XGASOLKG12,2014-03-01T00:00:00-03:00,19920917.0
2014-04-01,2014,1,4,SECEX12_XGASOLKG12,2014-04-01T00:00:00-03:00,25636950.0
2014-05-01,2014,1,5,SECEX12_XGASOLKG12,2014-05-01T00:00:00-03:00,6075112.0
2014-06-01,2014,1,6,SECEX12_XGASOLKG12,2014-06-01T00:00:00-03:00,10665225.0
2014-07-01,2014,1,7,SECEX12_XGASOLKG12,2014-07-01T00:00:00-03:00,28588658.0
2014-08-01,2014,1,8,SECEX12_XGASOLKG12,2014-08-01T00:00:00-03:00,40269469.0
2014-09-01,2014,1,9,SECEX12_XGASOLKG12,2014-09-01T00:00:00-03:00,24369816.0
2014-10-01,2014,1,10,SECEX12_XGASOLKG12,2014-10-01T00:00:00-03:00,38621262.0
2014-11-01,2014,1,11,SECEX12_XGASOLKG12,2014-11-01T00:00:00-02:00,31460432.0
2014-12-01,2014,1,12,SECEX12_XGASOLKG12,2014-12-01T00:00:00-02:00,12038592.0
2015-01-01,2015,1,1,SECEX12_XGASOLKG12,2015-01-01T00:00:00-02:00,7402557.0
2015-02-01,2015,1,2,SECEX12_XGASOLKG12,2015-02-01T00:00:00-02:00,1178775.0
2015-03-01,2015,1,3,SECEX12_XGASOLKG12,2015-03-01T00:00:00-03:00,5450622.0
2015-04-01,2015,1,4,SECEX12_XGASOLKG12,2015-04-01T00:00:00-03:00,472702.0
2015-05-01,2015,1,5,SECEX12_XGASOLKG12,2015-05-01T00:00:00-03:00,22098958.0
2015-06-01,2015,1,6,SECEX12_XGASOLKG12,2015-06-01T00:00:00-03:00,44348616.0
2015-07-01,2015,1,7,SECEX12_XGASOLKG12,2015-07-01T00:00:00-03:00,110299114.0
2015-08-01,2015,1,8,SECEX12_XGASOLKG12,2015-08-01T00:00:00-03:00,86017039.0
2015-09-01,2015,1,9,SECEX12_XGASOLKG12,2015-09-01T00:00:00-03:00,42096464.0
2015-10-01,2015,1,10,SECEX12_XGASOLKG12,2015-10-01T00:00:00-03:00,85645785.0
2015-11-01,2015,1,11,SECEX12_XGASOLKG12,2015-11-01T00:00:00-02:00,39905363.0
2015-12-01,2015,1,12,SECEX12_XGASOLKG12,2015-12-01T00:00:00-02:00,11915092.0
2016-01-01,2016,1,1,SECEX12_XGASOLKG12,2016-01-01T00:00:00-02:00,7470968.0
2016-02-01,2016,1,2,SECEX12_XGASOLKG12,2016-02-01T00:00:00-02:00,126260.0
2016-03-01,2016,1,3,SECEX12_XGASOLKG12,2016-03-01T00:00:00-03:00,7397525.0
2016-04-01,2016,1,4,SECEX12_XGASOLKG12,2016-04-01T00:00:00-03:00,112050413.0
2016-05-01,2016,1,5,SECEX12_XGASOLKG12,2016-05-01T00:00:00-03:00,57044337.0
2016-06-01,2016,1,6,SECEX12_XGASOLKG12,2016-06-01T00:00:00-03:00,39540710.0
2016-07-01,2016,1,7,SECEX12_XGASOLKG12,2016-07-01T00:00:00-03:00,129370548.0
2016-08-01,2016,1,8,SECEX12_XGASOLKG12,2016-08-01T00:00:00-03:00,54393065.0
2016-09-01,2016,1,9,SECEX12_XGASOLKG12,2016-09-01T00:00:00-03:00,968613.0
2016-10-01,2016,1,10,SECEX12_XGASOLKG12,2016-10-01T00:00:00-03:00,13243301.0
2016-11-01,2016,1,11,SECEX12_XGASOLKG12,2016-11-01T00:00:00-02:00,80499736.0
2016-12-01,2016,1,12,SECEX12_XGASOLKG12,2016-12-01T00:00:00-02:00,38249097.0
2017-01-01,2017,1,1,SECEX12_XGASOLKG12,2017-01-01T00:00:00-02:00,51147142.0
2017-02-01,2017,1,2,SECEX12_XGASOLKG12,2017-02-01T00:00:00-02:00,27418788.0
2017-03-01,2017,1,3,SECEX12_XGASOLKG12,2017-03-01T00:00:00-03:00,28438913.0
2017-04-01,2017,1,4,SECEX12_XGASOLKG12,2017-04-01T00:00:00-03:00,8896171.0
2017-05-01,2017,1,5,SECEX12_XGASOLKG12,2017-05-01T00:00:00-03:00,5340019.0
2017-06-01,2017,1,6,SECEX12_XGASOLKG12,2017-06-01T00:00:00-03:00,11094829.0
2017-07-01,2017,1,7,SECEX12_XGASOLKG12,2017-07-01T00:00:00-03:00,13518536.0
2017-08-01,2017,1,8,SECEX12_XGASOLKG12,2017-08-01T00:00:00-03:00,37256307.0
2017-09-01,2017,1,9,SECEX12_XGASOLKG12,2017-09-01T00:00:00-03:00,42990235.0
2017-10-01,2017,1,10,SECEX12_XGASOLKG12,2017-10-01T00:00:00-03:00,7049813.0
2017-11-01,2017,1,11,SECEX12_XGASOLKG12,2017-11-01T00:00:00-02:00,8768311.0
2017-12-01,2017,1,12,SECEX12_XGASOLKG12,2017-12-01T00:00:00-02:00,112771313.0
2018-01-01,2018,1,1,SECEX12_XGASOLKG12,2018-01-01T00:00:00-02:00,6495399.0
2018-02-01,2018,1,2,SECEX12_XGASOLKG12,2018-02-01T00:00:00-02:00,132699416.0
2018-03-01,2018,1,3,SECEX12_XGASOLKG12,2018-03-01T00:00:00-03:00,25161063.0
2018-04-01,2018,1,4,SECEX12_XGASOLKG12,2018-04-01T00:00:00-03:00,109704296.0
2018-05-01,2018,1,5,SECEX12_XGASOLKG12,2018-05-01T00:00:00-03:00,394306.0
2018-06-01,2018,1,6,SECEX12_XGASOLKG12,2018-06-01T00:00:00-03:00,4824068.0
2018-07-01,2018,1,7,SECEX12_XGASOLKG12,2018-07-01T00:00:00-03:00,87882561.0
2018-08-01,2018,1,8,SECEX12_XGASOLKG12,2018-08-01T00:00:00-03:00,18231213.0
2018-09-01,2018,1,9,SECEX12_XGASOLKG12,2018-09-01T00:00:00-03:00,34032930.0
2018-10-01,2018,1,10,SECEX12_XGASOLKG12,2018-10-01T00:00:00-03:00,201952753.0
2018-11-01,2018,1,11,SECEX12_XGASOLKG12,2018-11-01T00:00:00-03:00,264713857.0
2018-12-01,2018,1,12,SECEX12_XGASOLKG12,2018-12-01T00:00:00-02:00,148312188.0
2019-01-01,2019,1,1,SECEX12_XGASOLKG12,2019-01-01T00:00:00-02:00,162575731.0
2019-02-01,2019,1,2,SECEX12_XGASOLKG12,2019-02-01T00:00:00-02:00,183255341.0
2019-03-01,2019,1,3,SECEX12_XGASOLKG12,2019-03-01T00:00:00-03:00,109858155.0
2019-04-01,2019,1,4,SECEX12_XGASOLKG12,2019-04-01T00:00:00-03:00,197206813.0
2019-05-01,2019,1,5,SECEX12_XGASOLKG12,2019-05-01T00:00:00-03:00,188163548.0
2019-06-01,2019,1,6,SECEX12_XGASOLKG12,2019-06-01T00:00:00-03:00,121126149.0
2019-07-01,2019,1,7,SECEX12_XGASOLKG12,2019-07-01T00:00:00-03:00,290767784.0
2019-08-01,2019,1,8,SECEX12_XGASOLKG12,2019-08-01T00:00:00-03:00,196759853.0
2019-09-01,2019,1,9,SECEX12_XGASOLKG12,2019-09-01T00:00:00-03:00,204451815.0
2019-10-01,2019,1,10,SECEX12_XGASOLKG12,2019-10-01T00:00:00-03:00,274751186.0
2019-11-01,2019,1,11,SECEX12_XGASOLKG12,2019-11-01T00:00:00-03:00,183830402.0
2019-12-01,2019,1,12,SECEX12_XGASOLKG12,2019-12-01T00:00:00-03:00,132735792.0
2020-01-01,2020,1,1,SECEX12_XGASOLKG12,2020-01-01T00:00:00-03:00,213192933.0
2020-02-01,2020,1,2,SECEX12_XGASOLKG12,2020-02-01T00:00:00-03:00,83642033.0
2020-03-01,2020,1,3,SECEX12_XGASOLKG12,2020-03-01T00:00:00-03:00,166259924.0
2020-04-01,2020,1,4,SECEX12_XGASOLKG12,2020-04-01T00:00:00-03:00,117814745.0
2020-05-01,2020,1,5,SECEX12_XGASOLKG12,2020-05-01T00:00:00-03:00,280358982.0
2020-06-01,2020,1,6,SECEX12_XGASOLKG12,2020-06-01T00:00:00-03:00,342383346.0
2020-07-01,2020,1,7,SECEX12_XGASOLKG12,2020-07-01T00:00:00-03:00,106319590.0
2020-08-01,2020,1,8,SECEX12_XGASOLKG12,2020-08-01T00:00:00-03:00,95032039.0
2020-09-01,2020,1,9,SECEX12_XGASOLKG12,2020-09-01T00:00:00-03:00,53721660.0
2020-10-01,2020,1,10,SECEX12_XGASOLKG12,2020-10-01T00:00:00-03:00,40.0
2020-11-01,2020,1,11,SECEX12_XGASOLKG12,2020-11-01T00:00:00-03:00,72512012.0
