DATE,YEAR,DAY,MONTH,CODE,RAW DATE,VALUE (R$)
1988-01-01,1988,1,1,CEF12_FGTS12,1988-01-01T00:00:00-02:00,0.00701415418181818
1988-02-01,1988,1,2,CEF12_FGTS12,1988-02-01T00:00:00-02:00,0.00988954945454545
1988-03-01,1988,1,3,CEF12_FGTS12,1988-03-01T00:00:00-03:00,0.0133342301818182
1988-04-01,1988,1,4,CEF12_FGTS12,1988-04-01T00:00:00-03:00,0.01150974
1988-05-01,1988,1,5,CEF12_FGTS12,1988-05-01T00:00:00-03:00,0.0119654843636364
1988-06-01,1988,1,6,CEF12_FGTS12,1988-06-01T00:00:00-03:00,0.0147921654545455
1988-07-01,1988,1,7,CEF12_FGTS12,1988-07-01T00:00:00-03:00,0.0182755298181818
1988-08-01,1988,1,8,CEF12_FGTS12,1988-08-01T00:00:00-03:00,0.0207835585454545
1988-09-01,1988,1,9,CEF12_FGTS12,1988-09-01T00:00:00-03:00,0.0265853407272727
1988-10-01,1988,1,10,CEF12_FGTS12,1988-10-01T00:00:00-03:00,0.0327530887272727
1988-11-01,1988,1,11,CEF12_FGTS12,1988-11-01T00:00:00-03:00,0.0366886949090909
1988-12-01,1988,1,12,CEF12_FGTS12,1988-12-01T00:00:00-02:00,0.0482946247272727
1989-01-01,1989,1,1,CEF12_FGTS12,1989-01-01T00:00:00-02:00,0.0638829090909091
1989-02-01,1989,1,2,CEF12_FGTS12,1989-02-01T00:00:00-02:00,0.09926
1989-03-01,1989,1,3,CEF12_FGTS12,1989-03-01T00:00:00-03:00,0.163255272727273
1989-04-01,1989,1,4,CEF12_FGTS12,1989-04-01T00:00:00-03:00,0.156610909090909
1989-05-01,1989,1,5,CEF12_FGTS12,1989-05-01T00:00:00-03:00,0.155330545454545
1989-06-01,1989,1,6,CEF12_FGTS12,1989-06-01T00:00:00-03:00,0.163153090909091
1989-07-01,1989,1,7,CEF12_FGTS12,1989-07-01T00:00:00-03:00,0.319884363636364
1989-08-01,1989,1,8,CEF12_FGTS12,1989-08-01T00:00:00-03:00,0.435418545454545
1989-09-01,1989,1,9,CEF12_FGTS12,1989-09-01T00:00:00-03:00,0.407606545454545
1989-10-01,1989,1,10,CEF12_FGTS12,1989-10-01T00:00:00-03:00,1.16944036363636
1989-11-01,1989,1,11,CEF12_FGTS12,1989-11-01T00:00:00-03:00,1.01317890909091
1989-12-01,1989,1,12,CEF12_FGTS12,1989-12-01T00:00:00-02:00,1.86442581818182
1990-01-01,1990,1,1,CEF12_FGTS12,1990-01-01T00:00:00-02:00,3.82512109090909
1990-02-01,1990,1,2,CEF12_FGTS12,1990-02-01T00:00:00-02:00,4.15602690909091
1990-03-01,1990,1,3,CEF12_FGTS12,1990-03-01T00:00:00-03:00,6.64228836363636
1990-04-01,1990,1,4,CEF12_FGTS12,1990-04-01T00:00:00-03:00,10.6021963636364
1990-05-01,1990,1,5,CEF12_FGTS12,1990-05-01T00:00:00-03:00,12.0050356363636
1990-06-01,1990,1,6,CEF12_FGTS12,1990-06-01T00:00:00-03:00,12.3499632727273
1990-07-01,1990,1,7,CEF12_FGTS12,1990-07-01T00:00:00-03:00,14.0025112727273
1990-08-01,1990,1,8,CEF12_FGTS12,1990-08-01T00:00:00-03:00,16.0122254545455
1990-09-01,1990,1,9,CEF12_FGTS12,1990-09-01T00:00:00-03:00,17.2065498181818
1990-10-01,1990,1,10,CEF12_FGTS12,1990-10-01T00:00:00-03:00,19.5267458181818
1990-11-01,1990,1,11,CEF12_FGTS12,1990-11-01T00:00:00-03:00,21.9806625454545
1990-12-01,1990,1,12,CEF12_FGTS12,1990-12-01T00:00:00-02:00,30.0653727272727
1991-01-01,1991,1,1,CEF12_FGTS12,1991-01-01T00:00:00-02:00,41.2422003636364
1991-02-01,1991,1,2,CEF12_FGTS12,1991-02-01T00:00:00-02:00,32.3985098181818
1991-03-01,1991,1,3,CEF12_FGTS12,1991-03-01T00:00:00-03:00,38.0744832727273
1991-04-01,1991,1,4,CEF12_FGTS12,1991-04-01T00:00:00-03:00,41.5270003636364
1991-05-01,1991,1,5,CEF12_FGTS12,1991-05-01T00:00:00-03:00,45.9178694545455
1991-06-01,1991,1,6,CEF12_FGTS12,1991-06-01T00:00:00-03:00,49.727104
1991-07-01,1991,1,7,CEF12_FGTS12,1991-07-01T00:00:00-03:00,56.0371181818182
1991-08-01,1991,1,8,CEF12_FGTS12,1991-08-01T00:00:00-03:00,63.4211756363636
1991-09-01,1991,1,9,CEF12_FGTS12,1991-09-01T00:00:00-03:00,69.1787072727273
1991-10-01,1991,1,10,CEF12_FGTS12,1991-10-01T00:00:00-03:00,88.6045076363636
1991-11-01,1991,1,11,CEF12_FGTS12,1991-11-01T00:00:00-03:00,101.992161454545
1991-12-01,1991,1,12,CEF12_FGTS12,1991-12-01T00:00:00-02:00,151.647504363636
1992-01-01,1992,1,1,CEF12_FGTS12,1992-01-01T00:00:00-02:00,219.677318545455
1992-02-01,1992,1,2,CEF12_FGTS12,1992-02-01T00:00:00-02:00,212.178258181818
1992-03-01,1992,1,3,CEF12_FGTS12,1992-03-01T00:00:00-03:00,235.524411272727
1992-04-01,1992,1,4,CEF12_FGTS12,1992-04-01T00:00:00-03:00,291.694899636364
1992-05-01,1992,1,5,CEF12_FGTS12,1992-05-01T00:00:00-03:00,345.562446181818
1992-06-01,1992,1,6,CEF12_FGTS12,1992-06-01T00:00:00-03:00,467.973749818182
1992-07-01,1992,1,7,CEF12_FGTS12,1992-07-01T00:00:00-03:00,560.676448727273
1992-08-01,1992,1,8,CEF12_FGTS12,1992-08-01T00:00:00-03:00,682.263299272727
1992-09-01,1992,1,9,CEF12_FGTS12,1992-09-01T00:00:00-03:00,779.174480363636
1992-10-01,1992,1,10,CEF12_FGTS12,1992-10-01T00:00:00-03:00,1075.67505854545
1992-11-01,1992,1,11,CEF12_FGTS12,1992-11-01T00:00:00-03:00,1273.97333272727
1992-12-01,1992,1,12,CEF12_FGTS12,1992-12-01T00:00:00-02:00,2025.72683563636
1993-01-01,1993,1,1,CEF12_FGTS12,1993-01-01T00:00:00-02:00,2940.99122472727
1993-02-01,1993,1,2,CEF12_FGTS12,1993-02-01T00:00:00-02:00,2946.39187963636
1993-03-01,1993,1,3,CEF12_FGTS12,1993-03-01T00:00:00-03:00,3487.03002581818
1993-04-01,1993,1,4,CEF12_FGTS12,1993-04-01T00:00:00-03:00,4471.92378909091
1993-05-01,1993,1,5,CEF12_FGTS12,1993-05-01T00:00:00-03:00,5494.25034181818
1993-06-01,1993,1,6,CEF12_FGTS12,1993-06-01T00:00:00-03:00,7886.07912218182
1993-07-01,1993,1,7,CEF12_FGTS12,1993-07-01T00:00:00-03:00,9720.55189745454
1993-08-01,1993,1,8,CEF12_FGTS12,1993-08-01T00:00:00-03:00,13767.9890690909
1993-09-01,1993,1,9,CEF12_FGTS12,1993-09-01T00:00:00-03:00,17039.8149345455
1993-10-01,1993,1,10,CEF12_FGTS12,1993-10-01T00:00:00-03:00,24086.327864
1993-11-01,1993,1,11,CEF12_FGTS12,1993-11-01T00:00:00-03:00,32085.4713789091
1993-12-01,1993,1,12,CEF12_FGTS12,1993-12-01T00:00:00-02:00,52333.1900701818
1994-01-01,1994,1,1,CEF12_FGTS12,1994-01-01T00:00:00-02:00,88565.2984178182
1994-02-01,1994,1,2,CEF12_FGTS12,1994-02-01T00:00:00-02:00,88485.5387858182
1994-03-01,1994,1,3,CEF12_FGTS12,1994-03-01T00:00:00-03:00,122868.210086182
1994-04-01,1994,1,4,CEF12_FGTS12,1994-04-01T00:00:00-03:00,179055.778380364
1994-05-01,1994,1,5,CEF12_FGTS12,1994-05-01T00:00:00-03:00,271500.767886545
1994-06-01,1994,1,6,CEF12_FGTS12,1994-06-01T00:00:00-03:00,389683.806095273
1994-07-01,1994,1,7,CEF12_FGTS12,1994-07-01T00:00:00-03:00,556862.0
1994-08-01,1994,1,8,CEF12_FGTS12,1994-08-01T00:00:00-03:00,577900.0
1994-09-01,1994,1,9,CEF12_FGTS12,1994-09-01T00:00:00-03:00,595737.078
1994-10-01,1994,1,10,CEF12_FGTS12,1994-10-01T00:00:00-03:00,612405.082
1994-11-01,1994,1,11,CEF12_FGTS12,1994-11-01T00:00:00-03:00,645490.785
1994-12-01,1994,1,12,CEF12_FGTS12,1994-12-01T00:00:00-02:00,776353.0
1995-01-01,1995,1,1,CEF12_FGTS12,1995-01-01T00:00:00-02:00,946760.0
1995-02-01,1995,1,2,CEF12_FGTS12,1995-02-01T00:00:00-02:00,733710.0
1995-03-01,1995,1,3,CEF12_FGTS12,1995-03-01T00:00:00-03:00,735606.0
1995-04-01,1995,1,4,CEF12_FGTS12,1995-04-01T00:00:00-03:00,715967.0
1995-05-01,1995,1,5,CEF12_FGTS12,1995-05-01T00:00:00-03:00,743970.0
1995-06-01,1995,1,6,CEF12_FGTS12,1995-06-01T00:00:00-03:00,793859.0
1995-07-01,1995,1,7,CEF12_FGTS12,1995-07-01T00:00:00-03:00,812997.0
1995-08-01,1995,1,8,CEF12_FGTS12,1995-08-01T00:00:00-03:00,827580.0
1995-09-01,1995,1,9,CEF12_FGTS12,1995-09-01T00:00:00-03:00,812657.0
1995-10-01,1995,1,10,CEF12_FGTS12,1995-10-01T00:00:00-03:00,824021.0
1995-11-01,1995,1,11,CEF12_FGTS12,1995-11-01T00:00:00-03:00,839308.0
1995-12-01,1995,1,12,CEF12_FGTS12,1995-12-01T00:00:00-02:00,998446.0
1996-01-01,1996,1,1,CEF12_FGTS12,1996-01-01T00:00:00-02:00,1216497.0
1996-02-01,1996,1,2,CEF12_FGTS12,1996-02-01T00:00:00-02:00,922092.0
1996-03-01,1996,1,3,CEF12_FGTS12,1996-03-01T00:00:00-03:00,894014.0
1996-04-01,1996,1,4,CEF12_FGTS12,1996-04-01T00:00:00-03:00,887218.0
1996-05-01,1996,1,5,CEF12_FGTS12,1996-05-01T00:00:00-03:00,913271.0
1996-06-01,1996,1,6,CEF12_FGTS12,1996-06-01T00:00:00-03:00,928393.0
1996-07-01,1996,1,7,CEF12_FGTS12,1996-07-01T00:00:00-03:00,953066.0
1996-08-01,1996,1,8,CEF12_FGTS12,1996-08-01T00:00:00-03:00,954398.0
1996-09-01,1996,1,9,CEF12_FGTS12,1996-09-01T00:00:00-03:00,936656.0
1996-10-01,1996,1,10,CEF12_FGTS12,1996-10-01T00:00:00-03:00,957497.197
1996-11-01,1996,1,11,CEF12_FGTS12,1996-11-01T00:00:00-03:00,974780.929
1996-12-01,1996,1,12,CEF12_FGTS12,1996-12-01T00:00:00-02:00,1125952.284
1997-01-01,1997,1,1,CEF12_FGTS12,1997-01-01T00:00:00-02:00,1355414.731
1997-02-01,1997,1,2,CEF12_FGTS12,1997-02-01T00:00:00-02:00,1012064.247
1997-03-01,1997,1,3,CEF12_FGTS12,1997-03-01T00:00:00-03:00,996926.542
1997-04-01,1997,1,4,CEF12_FGTS12,1997-04-01T00:00:00-03:00,1013694.65936
1997-05-01,1997,1,5,CEF12_FGTS12,1997-05-01T00:00:00-03:00,1021931.434
1997-06-01,1997,1,6,CEF12_FGTS12,1997-06-01T00:00:00-03:00,1029835.00514
1997-07-01,1997,1,7,CEF12_FGTS12,1997-07-01T00:00:00-03:00,1043661.77506
1997-08-01,1997,1,8,CEF12_FGTS12,1997-08-01T00:00:00-03:00,1060419.6572
1997-09-01,1997,1,9,CEF12_FGTS12,1997-09-01T00:00:00-03:00,1048934.60715
1997-10-01,1997,1,10,CEF12_FGTS12,1997-10-01T00:00:00-03:00,1044775.61688
1997-11-01,1997,1,11,CEF12_FGTS12,1997-11-01T00:00:00-03:00,1048567.91659
1997-12-01,1997,1,12,CEF12_FGTS12,1997-12-01T00:00:00-02:00,1248885.31439
1998-01-01,1998,1,1,CEF12_FGTS12,1998-01-01T00:00:00-02:00,1430458.41053
1998-02-01,1998,1,2,CEF12_FGTS12,1998-02-01T00:00:00-02:00,1133148.39654
1998-03-01,1998,1,3,CEF12_FGTS12,1998-03-01T00:00:00-03:00,1416105.25773
1998-04-01,1998,1,4,CEF12_FGTS12,1998-04-01T00:00:00-03:00,1348023.84533
1998-05-01,1998,1,5,CEF12_FGTS12,1998-05-01T00:00:00-03:00,1349283.26469
1998-06-01,1998,1,6,CEF12_FGTS12,1998-06-01T00:00:00-03:00,1394255.97591
1998-07-01,1998,1,7,CEF12_FGTS12,1998-07-01T00:00:00-03:00,1395874.98824
1998-08-01,1998,1,8,CEF12_FGTS12,1998-08-01T00:00:00-03:00,1385695.92575
1998-09-01,1998,1,9,CEF12_FGTS12,1998-09-01T00:00:00-03:00,1354208.10074
1998-10-01,1998,1,10,CEF12_FGTS12,1998-10-01T00:00:00-03:00,1391165.57001
1998-11-01,1998,1,11,CEF12_FGTS12,1998-11-01T00:00:00-03:00,1487666.92904
1998-12-01,1998,1,12,CEF12_FGTS12,1998-12-01T00:00:00-02:00,1692878.11416
1999-01-01,1999,1,1,CEF12_FGTS12,1999-01-01T00:00:00-02:00,1762595.34531
1999-02-01,1999,1,2,CEF12_FGTS12,1999-02-01T00:00:00-02:00,1386839.72321
1999-03-01,1999,1,3,CEF12_FGTS12,1999-03-01T00:00:00-03:00,1503138.48719
1999-04-01,1999,1,4,CEF12_FGTS12,1999-04-01T00:00:00-03:00,1363374.54332
1999-05-01,1999,1,5,CEF12_FGTS12,1999-05-01T00:00:00-03:00,1391966.30145
1999-06-01,1999,1,6,CEF12_FGTS12,1999-06-01T00:00:00-03:00,1400671.28541
1999-07-01,1999,1,7,CEF12_FGTS12,1999-07-01T00:00:00-03:00,1398371.7942
1999-08-01,1999,1,8,CEF12_FGTS12,1999-08-01T00:00:00-03:00,1409842.89653
1999-09-01,1999,1,9,CEF12_FGTS12,1999-09-01T00:00:00-03:00,1365934.28423
1999-10-01,1999,1,10,CEF12_FGTS12,1999-10-01T00:00:00-03:00,1369360.3133
1999-11-01,1999,1,11,CEF12_FGTS12,1999-11-01T00:00:00-03:00,1354499.27682
1999-12-01,1999,1,12,CEF12_FGTS12,1999-12-01T00:00:00-02:00,1703652.06505
2000-01-01,2000,1,1,CEF12_FGTS12,2000-01-01T00:00:00-02:00,1800481.24101
2000-02-01,2000,1,2,CEF12_FGTS12,2000-02-01T00:00:00-02:00,1509114.30174
2000-03-01,2000,1,3,CEF12_FGTS12,2000-03-01T00:00:00-03:00,1513193.56606
2000-04-01,2000,1,4,CEF12_FGTS12,2000-04-01T00:00:00-03:00,1423691.49052
2000-05-01,2000,1,5,CEF12_FGTS12,2000-05-01T00:00:00-03:00,1506473.97081
2000-06-01,2000,1,6,CEF12_FGTS12,2000-06-01T00:00:00-03:00,1511910.47525
2000-07-01,2000,1,7,CEF12_FGTS12,2000-07-01T00:00:00-03:00,1503669.76129
2000-08-01,2000,1,8,CEF12_FGTS12,2000-08-01T00:00:00-03:00,1563228.46915
2000-09-01,2000,1,9,CEF12_FGTS12,2000-09-01T00:00:00-03:00,1468067.59449
2000-10-01,2000,1,10,CEF12_FGTS12,2000-10-01T00:00:00-03:00,1492892.68561
2000-11-01,2000,1,11,CEF12_FGTS12,2000-11-01T00:00:00-03:00,1502072.80697
2000-12-01,2000,1,12,CEF12_FGTS12,2000-12-01T00:00:00-02:00,1913734.1642
2001-01-01,2001,1,1,CEF12_FGTS12,2001-01-01T00:00:00-02:00,2029716.71783
2001-02-01,2001,1,2,CEF12_FGTS12,2001-02-01T00:00:00-02:00,1630080.52354
2001-03-01,2001,1,3,CEF12_FGTS12,2001-03-01T00:00:00-03:00,1674489.75756
2001-04-01,2001,1,4,CEF12_FGTS12,2001-04-01T00:00:00-03:00,1634785.8296
2001-05-01,2001,1,5,CEF12_FGTS12,2001-05-01T00:00:00-03:00,1740248.62903
2001-06-01,2001,1,6,CEF12_FGTS12,2001-06-01T00:00:00-03:00,1682193.09404
2001-07-01,2001,1,7,CEF12_FGTS12,2001-07-01T00:00:00-03:00,1739559.14237
2001-08-01,2001,1,8,CEF12_FGTS12,2001-08-01T00:00:00-03:00,1775801.80879
2001-09-01,2001,1,9,CEF12_FGTS12,2001-09-01T00:00:00-03:00,1656082.7341
2001-10-01,2001,1,10,CEF12_FGTS12,2001-10-01T00:00:00-03:00,1752739.66081
2001-11-01,2001,1,11,CEF12_FGTS12,2001-11-01T00:00:00-03:00,1693210.14544
2001-12-01,2001,1,12,CEF12_FGTS12,2001-12-01T00:00:00-02:00,2065144.16304
2002-01-01,2002,1,1,CEF12_FGTS12,2002-01-01T00:00:00-02:00,2197925.33666
2002-02-01,2002,1,2,CEF12_FGTS12,2002-02-01T00:00:00-02:00,1755442.31288
2002-03-01,2002,1,3,CEF12_FGTS12,2002-03-01T00:00:00-03:00,1784936.48285
2002-04-01,2002,1,4,CEF12_FGTS12,2002-04-01T00:00:00-03:00,1773837.437
2002-05-01,2002,1,5,CEF12_FGTS12,2002-05-01T00:00:00-03:00,1769056.27214
2002-06-01,2002,1,6,CEF12_FGTS12,2002-06-01T00:00:00-03:00,1723384.94706
2002-07-01,2002,1,7,CEF12_FGTS12,2002-07-01T00:00:00-03:00,1826947.46724
2002-08-01,2002,1,8,CEF12_FGTS12,2002-08-01T00:00:00-03:00,1863443.93933
2002-09-01,2002,1,9,CEF12_FGTS12,2002-09-01T00:00:00-03:00,1802699.48997
2002-10-01,2002,1,10,CEF12_FGTS12,2002-10-01T00:00:00-03:00,1856486.86158
2002-11-01,2002,1,11,CEF12_FGTS12,2002-11-01T00:00:00-03:00,1834643.7195
2002-12-01,2002,1,12,CEF12_FGTS12,2002-12-01T00:00:00-02:00,2233192.43422
2003-01-01,2003,1,1,CEF12_FGTS12,2003-01-01T00:00:00-02:00,2422580.74723
2003-02-01,2003,1,2,CEF12_FGTS12,2003-02-01T00:00:00-02:00,1993514.338
2003-03-01,2003,1,3,CEF12_FGTS12,2003-03-01T00:00:00-03:00,1900012.01807
2003-04-01,2003,1,4,CEF12_FGTS12,2003-04-01T00:00:00-03:00,1889790.36932
2003-05-01,2003,1,5,CEF12_FGTS12,2003-05-01T00:00:00-03:00,1929061.64806
2003-06-01,2003,1,6,CEF12_FGTS12,2003-06-01T00:00:00-03:00,1988282.4591
2003-07-01,2003,1,7,CEF12_FGTS12,2003-07-01T00:00:00-03:00,2042655.44158
2003-08-01,2003,1,8,CEF12_FGTS12,2003-08-01T00:00:00-03:00,2032398.98402
2003-09-01,2003,1,9,CEF12_FGTS12,2003-09-01T00:00:00-03:00,2026309.99946
2003-10-01,2003,1,10,CEF12_FGTS12,2003-10-01T00:00:00-03:00,2053967.7
2003-11-01,2003,1,11,CEF12_FGTS12,2003-11-01T00:00:00-03:00,2036420.78917
2003-12-01,2003,1,12,CEF12_FGTS12,2003-12-01T00:00:00-02:00,2641357.74857
2004-01-01,2004,1,1,CEF12_FGTS12,2004-01-01T00:00:00-02:00,2705046.23377
2004-02-01,2004,1,2,CEF12_FGTS12,2004-02-01T00:00:00-02:00,2180072.89601
2004-03-01,2004,1,3,CEF12_FGTS12,2004-03-01T00:00:00-03:00,2298662.25563
2004-04-01,2004,1,4,CEF12_FGTS12,2004-04-01T00:00:00-03:00,2176308.80073
2004-05-01,2004,1,5,CEF12_FGTS12,2004-05-01T00:00:00-03:00,2194428.4579
2004-06-01,2004,1,6,CEF12_FGTS12,2004-06-01T00:00:00-03:00,2254956.3009
2004-07-01,2004,1,7,CEF12_FGTS12,2004-07-01T00:00:00-03:00,2285573.8537
2004-08-01,2004,1,8,CEF12_FGTS12,2004-08-01T00:00:00-03:00,2329685.84447
2004-09-01,2004,1,9,CEF12_FGTS12,2004-09-01T00:00:00-03:00,2239804.47411
2004-10-01,2004,1,10,CEF12_FGTS12,2004-10-01T00:00:00-03:00,2284695.42338
2004-11-01,2004,1,11,CEF12_FGTS12,2004-11-01T00:00:00-03:00,2334284.2181
2004-12-01,2004,1,12,CEF12_FGTS12,2004-12-01T00:00:00-02:00,2985814.55822
2005-01-01,2005,1,1,CEF12_FGTS12,2005-01-01T00:00:00-02:00,3095584.675
2005-02-01,2005,1,2,CEF12_FGTS12,2005-02-01T00:00:00-02:00,2462926.67353
2005-03-01,2005,1,3,CEF12_FGTS12,2005-03-01T00:00:00-03:00,2612850.09098
2005-04-01,2005,1,4,CEF12_FGTS12,2005-04-01T00:00:00-03:00,2462337.03124
2005-05-01,2005,1,5,CEF12_FGTS12,2005-05-01T00:00:00-03:00,2513290.35468
2005-06-01,2005,1,6,CEF12_FGTS12,2005-06-01T00:00:00-03:00,2605511.90638
2005-07-01,2005,1,7,CEF12_FGTS12,2005-07-01T00:00:00-03:00,2601994.28526
2005-08-01,2005,1,8,CEF12_FGTS12,2005-08-01T00:00:00-03:00,2684069.94023
2005-09-01,2005,1,9,CEF12_FGTS12,2005-09-01T00:00:00-03:00,2607442.23192
2005-10-01,2005,1,10,CEF12_FGTS12,2005-10-01T00:00:00-03:00,2578331.81389
2005-11-01,2005,1,11,CEF12_FGTS12,2005-11-01T00:00:00-02:00,2668292.65701
2005-12-01,2005,1,12,CEF12_FGTS12,2005-12-01T00:00:00-02:00,3355245.35715
2006-01-01,2006,1,1,CEF12_FGTS12,2006-01-01T00:00:00-02:00,3478286.0477
2006-02-01,2006,1,2,CEF12_FGTS12,2006-02-01T00:00:00-02:00,2809442.86243
2006-03-01,2006,1,3,CEF12_FGTS12,2006-03-01T00:00:00-03:00,2966990.32768
2006-04-01,2006,1,4,CEF12_FGTS12,2006-04-01T00:00:00-03:00,2729928.62942
2006-05-01,2006,1,5,CEF12_FGTS12,2006-05-01T00:00:00-03:00,2905193.30554
2006-06-01,2006,1,6,CEF12_FGTS12,2006-06-01T00:00:00-03:00,2934949.47623
2006-07-01,2006,1,7,CEF12_FGTS12,2006-07-01T00:00:00-03:00,2936979.35085
2006-08-01,2006,1,8,CEF12_FGTS12,2006-08-01T00:00:00-03:00,3069891.01736
2006-09-01,2006,1,9,CEF12_FGTS12,2006-09-01T00:00:00-03:00,2927114.36654
2006-10-01,2006,1,10,CEF12_FGTS12,2006-10-01T00:00:00-03:00,2958118.37503
2006-11-01,2006,1,11,CEF12_FGTS12,2006-11-01T00:00:00-03:00,3027151.37289
2006-12-01,2006,1,12,CEF12_FGTS12,2006-12-01T00:00:00-02:00,3761359.49766
2007-01-01,2007,1,1,CEF12_FGTS12,2007-01-01T00:00:00-02:00,3961671.64425
2007-02-01,2007,1,2,CEF12_FGTS12,2007-02-01T00:00:00-02:00,3160896.4604
2007-03-01,2007,1,3,CEF12_FGTS12,2007-03-01T00:00:00-03:00,3355604.0389
2007-04-01,2007,1,4,CEF12_FGTS12,2007-04-01T00:00:00-03:00,3147174.89466
2007-05-01,2007,1,5,CEF12_FGTS12,2007-05-01T00:00:00-03:00,3285827.6948
2007-06-01,2007,1,6,CEF12_FGTS12,2007-06-01T00:00:00-03:00,3288373.08929
2007-07-01,2007,1,7,CEF12_FGTS12,2007-07-01T00:00:00-03:00,3379918.56288
2007-08-01,2007,1,8,CEF12_FGTS12,2007-08-01T00:00:00-03:00,3534370.30875
2007-09-01,2007,1,9,CEF12_FGTS12,2007-09-01T00:00:00-03:00,3308584.0853
2007-10-01,2007,1,10,CEF12_FGTS12,2007-10-01T00:00:00-03:00,3454673.69252
2007-11-01,2007,1,11,CEF12_FGTS12,2007-11-01T00:00:00-02:00,3463173.9783
2007-12-01,2007,1,12,CEF12_FGTS12,2007-12-01T00:00:00-02:00,4290240.39911
2008-01-01,2008,1,1,CEF12_FGTS12,2008-01-01T00:00:00-02:00,4597505.6046
2008-02-01,2008,1,2,CEF12_FGTS12,2008-02-01T00:00:00-02:00,3665927.72276
2008-03-01,2008,1,3,CEF12_FGTS12,2008-03-01T00:00:00-03:00,3723049.86882
2008-04-01,2008,1,4,CEF12_FGTS12,2008-04-01T00:00:00-03:00,3790936.28383
2008-05-01,2008,1,5,CEF12_FGTS12,2008-05-01T00:00:00-03:00,3727382.05297
2008-06-01,2008,1,6,CEF12_FGTS12,2008-06-01T00:00:00-03:00,3869635.92763
2008-07-01,2008,1,7,CEF12_FGTS12,2008-07-01T00:00:00-03:00,4023147.77282
2008-08-01,2008,1,8,CEF12_FGTS12,2008-08-01T00:00:00-03:00,3988787.34638
2008-09-01,2008,1,9,CEF12_FGTS12,2008-09-01T00:00:00-03:00,3997143.84952
2008-10-01,2008,1,10,CEF12_FGTS12,2008-10-01T00:00:00-03:00,4052767.43928
2008-11-01,2008,1,11,CEF12_FGTS12,2008-11-01T00:00:00-02:00,4060857.52392
2008-12-01,2008,1,12,CEF12_FGTS12,2008-12-01T00:00:00-02:00,5217238.44411
2009-01-01,2009,1,1,CEF12_FGTS12,2009-01-01T00:00:00-02:00,5355136.72574
2009-02-01,2009,1,2,CEF12_FGTS12,2009-02-01T00:00:00-02:00,4321508.3307
2009-03-01,2009,1,3,CEF12_FGTS12,2009-03-01T00:00:00-03:00,4416234.02999
2009-04-01,2009,1,4,CEF12_FGTS12,2009-04-01T00:00:00-03:00,4314964.497
2009-05-01,2009,1,5,CEF12_FGTS12,2009-05-01T00:00:00-03:00,4254839.99691
2009-06-01,2009,1,6,CEF12_FGTS12,2009-06-01T00:00:00-03:00,4439730.73389
2009-07-01,2009,1,7,CEF12_FGTS12,2009-07-01T00:00:00-03:00,4483874.46537
2009-08-01,2009,1,8,CEF12_FGTS12,2009-08-01T00:00:00-03:00,4369823.1019
2009-09-01,2009,1,9,CEF12_FGTS12,2009-09-01T00:00:00-03:00,4298476.80801
2009-10-01,2009,1,10,CEF12_FGTS12,2009-10-01T00:00:00-03:00,4374633.06257
2009-11-01,2009,1,11,CEF12_FGTS12,2009-11-01T00:00:00-02:00,4422952.53948
2009-12-01,2009,1,12,CEF12_FGTS12,2009-12-01T00:00:00-02:00,5673773.56885
2010-01-01,2010,1,1,CEF12_FGTS12,2010-01-01T00:00:00-02:00,5731109.04289
2010-02-01,2010,1,2,CEF12_FGTS12,2010-02-01T00:00:00-02:00,4632907.63758
2010-03-01,2010,1,3,CEF12_FGTS12,2010-03-01T00:00:00-03:00,4995075.93705
2010-04-01,2010,1,4,CEF12_FGTS12,2010-04-01T00:00:00-03:00,4742815.78127
2010-05-01,2010,1,5,CEF12_FGTS12,2010-05-01T00:00:00-03:00,4813952.31556
2010-06-01,2010,1,6,CEF12_FGTS12,2010-06-01T00:00:00-03:00,4864107.51897
2010-07-01,2010,1,7,CEF12_FGTS12,2010-07-01T00:00:00-03:00,5018698.38179
2010-08-01,2010,1,8,CEF12_FGTS12,2010-08-01T00:00:00-03:00,5144033.62426
2010-09-01,2010,1,9,CEF12_FGTS12,2010-09-01T00:00:00-03:00,5039373.63353
2010-10-01,2010,1,10,CEF12_FGTS12,2010-10-01T00:00:00-03:00,5053427.08521
2010-11-01,2010,1,11,CEF12_FGTS12,2010-11-01T00:00:00-02:00,5193981.88248
2010-12-01,2010,1,12,CEF12_FGTS12,2010-12-01T00:00:00-02:00,6567730.60218
2011-01-01,2011,1,1,CEF12_FGTS12,2011-01-01T00:00:00-02:00,6696032.25199
2011-02-01,2011,1,2,CEF12_FGTS12,2011-02-01T00:00:00-02:00,5581559.98314
2011-03-01,2011,1,3,CEF12_FGTS12,2011-03-01T00:00:00-03:00,5589253.56355
2011-04-01,2011,1,4,CEF12_FGTS12,2011-04-01T00:00:00-03:00,5511505.36402
2011-05-01,2011,1,5,CEF12_FGTS12,2011-05-01T00:00:00-03:00,5756180.59169
2011-06-01,2011,1,6,CEF12_FGTS12,2011-06-01T00:00:00-03:00,5792934.1003
2011-07-01,2011,1,7,CEF12_FGTS12,2011-07-01T00:00:00-03:00,5839222.37836
2011-08-01,2011,1,8,CEF12_FGTS12,2011-08-01T00:00:00-03:00,6068950.71013
2011-09-01,2011,1,9,CEF12_FGTS12,2011-09-01T00:00:00-03:00,5875770.17996
2011-10-01,2011,1,10,CEF12_FGTS12,2011-10-01T00:00:00-03:00,5995515.62904
2011-11-01,2011,1,11,CEF12_FGTS12,2011-11-01T00:00:00-02:00,6026417.04169
2011-12-01,2011,1,12,CEF12_FGTS12,2011-12-01T00:00:00-02:00,7527597.49875
2012-01-01,2012,1,1,CEF12_FGTS12,2012-01-01T00:00:00-02:00,7826707.9012
2012-02-01,2012,1,2,CEF12_FGTS12,2012-02-01T00:00:00-02:00,6341432.32461
2012-03-01,2012,1,3,CEF12_FGTS12,2012-03-01T00:00:00-03:00,6616268.19779
2012-04-01,2012,1,4,CEF12_FGTS12,2012-04-01T00:00:00-03:00,6413625.71732
2012-05-01,2012,1,5,CEF12_FGTS12,2012-05-01T00:00:00-03:00,6650108.27666
2012-06-01,2012,1,6,CEF12_FGTS12,2012-06-01T00:00:00-03:00,6585513.56054
2012-07-01,2012,1,7,CEF12_FGTS12,2012-07-01T00:00:00-03:00,6718048.50791
2012-08-01,2012,1,8,CEF12_FGTS12,2012-08-01T00:00:00-03:00,6998675.59363
2012-09-01,2012,1,9,CEF12_FGTS12,2012-09-01T00:00:00-03:00,6566300.1164
2012-10-01,2012,1,10,CEF12_FGTS12,2012-10-01T00:00:00-03:00,6887278.17495
2012-11-01,2012,1,11,CEF12_FGTS12,2012-11-01T00:00:00-02:00,6877300.39472
2012-12-01,2012,1,12,CEF12_FGTS12,2012-12-01T00:00:00-02:00,8552254.7531
2013-01-01,2013,1,1,CEF12_FGTS12,2013-01-01T00:00:00-02:00,8965150.59397
2013-02-01,2013,1,2,CEF12_FGTS12,2013-02-01T00:00:00-02:00,7124148.38196
2013-03-01,2013,1,3,CEF12_FGTS12,2013-03-01T00:00:00-03:00,7351823.54071
2013-04-01,2013,1,4,CEF12_FGTS12,2013-04-01T00:00:00-03:00,7479150.7542
2013-05-01,2013,1,5,CEF12_FGTS12,2013-05-01T00:00:00-03:00,7538256.86403
2013-06-01,2013,1,6,CEF12_FGTS12,2013-06-01T00:00:00-03:00,7465982.9369
2013-07-01,2013,1,7,CEF12_FGTS12,2013-07-01T00:00:00-03:00,7725406.85498
2013-08-01,2013,1,8,CEF12_FGTS12,2013-08-01T00:00:00-03:00,7856910.56606
2013-09-01,2013,1,9,CEF12_FGTS12,2013-09-01T00:00:00-03:00,7551808.11017
2013-10-01,2013,1,10,CEF12_FGTS12,2013-10-01T00:00:00-03:00,7835871.24486
2013-11-01,2013,1,11,CEF12_FGTS12,2013-11-01T00:00:00-02:00,7803111.55359
2013-12-01,2013,1,12,CEF12_FGTS12,2013-12-01T00:00:00-02:00,9717519.76411
2014-01-01,2014,1,1,CEF12_FGTS12,2014-01-01T00:00:00-02:00,10108135.3302
2014-02-01,2014,1,2,CEF12_FGTS12,2014-02-01T00:00:00-02:00,8366891.5214
2014-03-01,2014,1,3,CEF12_FGTS12,2014-03-01T00:00:00-03:00,7941681.08276
2014-04-01,2014,1,4,CEF12_FGTS12,2014-04-01T00:00:00-03:00,8214988.32392
2014-05-01,2014,1,5,CEF12_FGTS12,2014-05-01T00:00:00-03:00,8381010.77877
2014-06-01,2014,1,6,CEF12_FGTS12,2014-06-01T00:00:00-03:00,8235864.9525
2014-07-01,2014,1,7,CEF12_FGTS12,2014-07-01T00:00:00-03:00,8512701.25482
2014-08-01,2014,1,8,CEF12_FGTS12,2014-08-01T00:00:00-03:00,8519323.7167
2014-09-01,2014,1,9,CEF12_FGTS12,2014-09-01T00:00:00-03:00,8529740.91851
2014-10-01,2014,1,10,CEF12_FGTS12,2014-10-01T00:00:00-03:00,8684111.56779
2014-11-01,2014,1,11,CEF12_FGTS12,2014-11-01T00:00:00-02:00,8552521.91401
2014-12-01,2014,1,12,CEF12_FGTS12,2014-12-01T00:00:00-02:00,10697221.59016
2015-01-01,2015,1,1,CEF12_FGTS12,2015-01-01T00:00:00-02:00,10884253.41981
2015-02-01,2015,1,2,CEF12_FGTS12,2015-02-01T00:00:00-02:00,8891656.92855
2015-03-01,2015,1,3,CEF12_FGTS12,2015-03-01T00:00:00-03:00,9176796.63638
2015-04-01,2015,1,4,CEF12_FGTS12,2015-04-01T00:00:00-03:00,9084629.39091
2015-05-01,2015,1,5,CEF12_FGTS12,2015-05-01T00:00:00-03:00,9001327.26838
2015-06-01,2015,1,6,CEF12_FGTS12,2015-06-01T00:00:00-03:00,9112752.01496
2015-07-01,2015,1,7,CEF12_FGTS12,2015-07-01T00:00:00-03:00,9303130.73038
2015-08-01,2015,1,8,CEF12_FGTS12,2015-08-01T00:00:00-03:00,9179180.83368
2015-09-01,2015,1,9,CEF12_FGTS12,2015-09-01T00:00:00-03:00,8979869.7933
2015-10-01,2015,1,10,CEF12_FGTS12,2015-10-01T00:00:00-03:00,9116994.49789
2015-11-01,2015,1,11,CEF12_FGTS12,2015-11-01T00:00:00-02:00,9175431.12195
2015-12-01,2015,1,12,CEF12_FGTS12,2015-12-01T00:00:00-02:00,11623362.11479
2016-01-01,2016,1,1,CEF12_FGTS12,2016-01-01T00:00:00-02:00,11489948.03527
2016-02-01,2016,1,2,CEF12_FGTS12,2016-02-01T00:00:00-02:00,9604742.89331
2016-03-01,2016,1,3,CEF12_FGTS12,2016-03-01T00:00:00-03:00,9907334.60348
2016-04-01,2016,1,4,CEF12_FGTS12,2016-04-01T00:00:00-03:00,9472779.14164
2016-05-01,2016,1,5,CEF12_FGTS12,2016-05-01T00:00:00-03:00,9589843.92402
2016-06-01,2016,1,6,CEF12_FGTS12,2016-06-01T00:00:00-03:00,9664460.94129
2016-07-01,2016,1,7,CEF12_FGTS12,2016-07-01T00:00:00-03:00,9581767.14909
2016-08-01,2016,1,8,CEF12_FGTS12,2016-08-01T00:00:00-03:00,9661704.68942
2016-09-01,2016,1,9,CEF12_FGTS12,2016-09-01T00:00:00-03:00,9341651.82093
2016-10-01,2016,1,10,CEF12_FGTS12,2016-10-01T00:00:00-03:00,9531519.87136
2016-11-01,2016,1,11,CEF12_FGTS12,2016-11-01T00:00:00-02:00,9481778.75284
2016-12-01,2016,1,12,CEF12_FGTS12,2016-12-01T00:00:00-02:00,11761805.08525
2017-01-01,2017,1,1,CEF12_FGTS12,2017-01-01T00:00:00-02:00,12228736.91507
2017-02-01,2017,1,2,CEF12_FGTS12,2017-02-01T00:00:00-02:00,9949325.33566
2017-03-01,2017,1,3,CEF12_FGTS12,2017-03-01T00:00:00-03:00,10273860.42071
2017-04-01,2017,1,4,CEF12_FGTS12,2017-04-01T00:00:00-03:00,9609042.67141
2017-05-01,2017,1,5,CEF12_FGTS12,2017-05-01T00:00:00-03:00,10034514.33903
2017-06-01,2017,1,6,CEF12_FGTS12,2017-06-01T00:00:00-03:00,10044583.23879
2017-07-01,2017,1,7,CEF12_FGTS12,2017-07-01T00:00:00-03:00,9892355.67681
2017-08-01,2017,1,8,CEF12_FGTS12,2017-08-01T00:00:00-03:00,10241256.78803
2017-09-01,2017,1,9,CEF12_FGTS12,2017-09-01T00:00:00-03:00,9871641.44223
2017-10-01,2017,1,10,CEF12_FGTS12,2017-10-01T00:00:00-03:00,9902097.92264
2017-11-01,2017,1,11,CEF12_FGTS12,2017-11-01T00:00:00-02:00,9533924.05776
2017-12-01,2017,1,12,CEF12_FGTS12,2017-12-01T00:00:00-02:00,11953668.76188
2018-01-01,2018,1,1,CEF12_FGTS12,2018-01-01T00:00:00-02:00,12069974.32848
2018-02-01,2018,1,2,CEF12_FGTS12,2018-02-01T00:00:00-02:00,9513450.79021
2018-03-01,2018,1,3,CEF12_FGTS12,2018-03-01T00:00:00-03:00,9734261.60837
2018-04-01,2018,1,4,CEF12_FGTS12,2018-04-01T00:00:00-03:00,9559760.00201
2018-05-01,2018,1,5,CEF12_FGTS12,2018-05-01T00:00:00-03:00,9621618.52996
2018-06-01,2018,1,6,CEF12_FGTS12,2018-06-01T00:00:00-03:00,9643511.5627
2018-07-01,2018,1,7,CEF12_FGTS12,2018-07-01T00:00:00-03:00,9652802.84837
2018-08-01,2018,1,8,CEF12_FGTS12,2018-08-01T00:00:00-03:00,9911859.61276
2018-09-01,2018,1,9,CEF12_FGTS12,2018-09-01T00:00:00-03:00,9352458.77988
2018-10-01,2018,1,10,CEF12_FGTS12,2018-10-01T00:00:00-03:00,9683240.98508
2018-11-01,2018,1,11,CEF12_FGTS12,2018-11-01T00:00:00-03:00,9637382.56116
2018-12-01,2018,1,12,CEF12_FGTS12,2018-12-01T00:00:00-02:00,12277959.35249
2019-01-01,2019,1,1,CEF12_FGTS12,2019-01-01T00:00:00-02:00,12773094.67834
2019-02-01,2019,1,2,CEF12_FGTS12,2019-02-01T00:00:00-02:00,10352446.59507
2019-03-01,2019,1,3,CEF12_FGTS12,2019-03-01T00:00:00-03:00,9951816.67165
2019-04-01,2019,1,4,CEF12_FGTS12,2019-04-01T00:00:00-03:00,10150587.32823
2019-05-01,2019,1,5,CEF12_FGTS12,2019-05-01T00:00:00-03:00,10299619.37843
2019-06-01,2019,1,6,CEF12_FGTS12,2019-06-01T00:00:00-03:00,10050071.02242
2019-07-01,2019,1,7,CEF12_FGTS12,2019-07-01T00:00:00-03:00,10428351.12434
2019-08-01,2019,1,8,CEF12_FGTS12,2019-08-01T00:00:00-03:00,10537910.43595
2019-09-01,2019,1,9,CEF12_FGTS12,2019-09-01T00:00:00-03:00,10212906.52016
2019-10-01,2019,1,10,CEF12_FGTS12,2019-10-01T00:00:00-03:00,10502733.3117
2019-11-01,2019,1,11,CEF12_FGTS12,2019-11-01T00:00:00-03:00,10372978.33215
2019-12-01,2019,1,12,CEF12_FGTS12,2019-12-01T00:00:00-03:00,13077107.28147
2020-01-01,2020,1,1,CEF12_FGTS12,2020-01-01T00:00:00-03:00,13502535.86876
2020-02-01,2020,1,2,CEF12_FGTS12,2020-02-01T00:00:00-03:00,10577244.22378
2020-03-01,2020,1,3,CEF12_FGTS12,2020-03-01T00:00:00-03:00,10585454.12628
2020-04-01,2020,1,4,CEF12_FGTS12,2020-04-01T00:00:00-03:00,6896089.79306
2020-05-01,2020,1,5,CEF12_FGTS12,2020-05-01T00:00:00-03:00,6807233.35992
2020-06-01,2020,1,6,CEF12_FGTS12,2020-06-01T00:00:00-03:00,6314726.51541
2020-07-01,2020,1,7,CEF12_FGTS12,2020-07-01T00:00:00-03:00,11432884.81337
2020-08-01,2020,1,8,CEF12_FGTS12,2020-08-01T00:00:00-03:00,11782724.66396
2020-09-01,2020,1,9,CEF12_FGTS12,2020-09-01T00:00:00-03:00,11660719.13559
2020-10-01,2020,1,10,CEF12_FGTS12,2020-10-01T00:00:00-03:00,11472098.00896
2020-11-01,2020,1,11,CEF12_FGTS12,2020-11-01T00:00:00-03:00,11531241.96338
2020-12-01,2020,1,12,CEF12_FGTS12,2020-12-01T00:00:00-03:00,1471187.30341
2021-01-01,2021,1,1,CEF12_FGTS12,2021-01-01T00:00:00-03:00,13321724.10921
