DATE,YEAR,DAY,MONTH,CODE,RAW DATE,VALUE (US$)
1994-09-01,1994,1,9,ECONMI12_FRCCY12,1994-09-01T00:00:00-03:00,11.6
1994-10-01,1994,1,10,ECONMI12_FRCCY12,1994-10-01T00:00:00-03:00,11.2
1994-11-01,1994,1,11,ECONMI12_FRCCY12,1994-11-01T00:00:00-03:00,11.0
1994-12-01,1994,1,12,ECONMI12_FRCCY12,1994-12-01T00:00:00-02:00,10.9
1995-01-01,1995,1,1,ECONMI12_FRCCY12,1995-01-01T00:00:00-02:00,14.8
1995-02-01,1995,1,2,ECONMI12_FRCCY12,1995-02-01T00:00:00-02:00,15.9
1995-03-01,1995,1,3,ECONMI12_FRCCY12,1995-03-01T00:00:00-03:00,16.1
1995-04-01,1995,1,4,ECONMI12_FRCCY12,1995-04-01T00:00:00-03:00,17.4
1995-05-01,1995,1,5,ECONMI12_FRCCY12,1995-05-01T00:00:00-03:00,18.3
1995-06-01,1995,1,6,ECONMI12_FRCCY12,1995-06-01T00:00:00-03:00,20.0
1995-07-01,1995,1,7,ECONMI12_FRCCY12,1995-07-01T00:00:00-03:00,19.1
1995-08-01,1995,1,8,ECONMI12_FRCCY12,1995-08-01T00:00:00-03:00,18.6
1995-09-01,1995,1,9,ECONMI12_FRCCY12,1995-09-01T00:00:00-03:00,
1995-10-01,1995,1,10,ECONMI12_FRCCY12,1995-10-01T00:00:00-03:00,16.2
1995-11-01,1995,1,11,ECONMI12_FRCCY12,1995-11-01T00:00:00-03:00,18.9
1995-12-01,1995,1,12,ECONMI12_FRCCY12,1995-12-01T00:00:00-02:00,17.8
1996-01-01,1996,1,1,ECONMI12_FRCCY12,1996-01-01T00:00:00-02:00,17.1
1996-02-01,1996,1,2,ECONMI12_FRCCY12,1996-02-01T00:00:00-02:00,17.6
1996-03-01,1996,1,3,ECONMI12_FRCCY12,1996-03-01T00:00:00-03:00,15.6
1996-04-01,1996,1,4,ECONMI12_FRCCY12,1996-04-01T00:00:00-03:00,14.5
1996-05-01,1996,1,5,ECONMI12_FRCCY12,1996-05-01T00:00:00-03:00,16.5
1996-06-01,1996,1,6,ECONMI12_FRCCY12,1996-06-01T00:00:00-03:00,14.7
1996-07-01,1996,1,7,ECONMI12_FRCCY12,1996-07-01T00:00:00-03:00,15.8
1996-08-01,1996,1,8,ECONMI12_FRCCY12,1996-08-01T00:00:00-03:00,16.4
1996-09-01,1996,1,9,ECONMI12_FRCCY12,1996-09-01T00:00:00-03:00,19.0
1996-10-01,1996,1,10,ECONMI12_FRCCY12,1996-10-01T00:00:00-03:00,20.6
1996-11-01,1996,1,11,ECONMI12_FRCCY12,1996-11-01T00:00:00-03:00,21.2
1996-12-01,1996,1,12,ECONMI12_FRCCY12,1996-12-01T00:00:00-02:00,21.3
1997-01-01,1997,1,1,ECONMI12_FRCCY12,1997-01-01T00:00:00-02:00,20.3
1997-02-01,1997,1,2,ECONMI12_FRCCY12,1997-02-01T00:00:00-02:00,22.5
1997-03-01,1997,1,3,ECONMI12_FRCCY12,1997-03-01T00:00:00-03:00,24.6
1997-04-01,1997,1,4,ECONMI12_FRCCY12,1997-04-01T00:00:00-03:00,27.2
1997-05-01,1997,1,5,ECONMI12_FRCCY12,1997-05-01T00:00:00-03:00,28.8
1997-06-01,1997,1,6,ECONMI12_FRCCY12,1997-06-01T00:00:00-03:00,32.0
1997-07-01,1997,1,7,ECONMI12_FRCCY12,1997-07-01T00:00:00-03:00,34.3
1997-08-01,1997,1,8,ECONMI12_FRCCY12,1997-08-01T00:00:00-03:00,32.9
1997-09-01,1997,1,9,ECONMI12_FRCCY12,1997-09-01T00:00:00-03:00,34.9
1997-10-01,1997,1,10,ECONMI12_FRCCY12,1997-10-01T00:00:00-03:00,37.4
1997-11-01,1997,1,11,ECONMI12_FRCCY12,1997-11-01T00:00:00-03:00,39.2
1997-12-01,1997,1,12,ECONMI12_FRCCY12,1997-12-01T00:00:00-02:00,40.2
1998-01-01,1998,1,1,ECONMI12_FRCCY12,1998-01-01T00:00:00-02:00,39.2
1998-02-01,1998,1,2,ECONMI12_FRCCY12,1998-02-01T00:00:00-02:00,39.7
1998-03-01,1998,1,3,ECONMI12_FRCCY12,1998-03-01T00:00:00-03:00,40.9
1998-04-01,1998,1,4,ECONMI12_FRCCY12,1998-04-01T00:00:00-03:00,40.3
1998-05-01,1998,1,5,ECONMI12_FRCCY12,1998-05-01T00:00:00-03:00,39.7
1998-06-01,1998,1,6,ECONMI12_FRCCY12,1998-06-01T00:00:00-03:00,38.6
1998-07-01,1998,1,7,ECONMI12_FRCCY12,1998-07-01T00:00:00-03:00,38.5
1998-08-01,1998,1,8,ECONMI12_FRCCY12,1998-08-01T00:00:00-03:00,39.3
1998-09-01,1998,1,9,ECONMI12_FRCCY12,1998-09-01T00:00:00-03:00,39.8
1998-10-01,1998,1,10,ECONMI12_FRCCY12,1998-10-01T00:00:00-03:00,38.3
1998-11-01,1998,1,11,ECONMI12_FRCCY12,1998-11-01T00:00:00-03:00,
1998-12-01,1998,1,12,ECONMI12_FRCCY12,1998-12-01T00:00:00-02:00,40.0
1999-01-01,1999,1,1,ECONMI12_FRCCY12,1999-01-01T00:00:00-02:00,39.9
1999-02-01,1999,1,2,ECONMI12_FRCCY12,1999-02-01T00:00:00-02:00,40.1
1999-03-01,1999,1,3,ECONMI12_FRCCY12,1999-03-01T00:00:00-03:00,40.0
1999-04-01,1999,1,4,ECONMI12_FRCCY12,1999-04-01T00:00:00-03:00,40.0
1999-05-01,1999,1,5,ECONMI12_FRCCY12,1999-05-01T00:00:00-03:00,39.2
1999-06-01,1999,1,6,ECONMI12_FRCCY12,1999-06-01T00:00:00-03:00,39.6
1999-07-01,1999,1,7,ECONMI12_FRCCY12,1999-07-01T00:00:00-03:00,38.0
1999-08-01,1999,1,8,ECONMI12_FRCCY12,1999-08-01T00:00:00-03:00,38.3
1999-09-01,1999,1,9,ECONMI12_FRCCY12,1999-09-01T00:00:00-03:00,38.9
1999-10-01,1999,1,10,ECONMI12_FRCCY12,1999-10-01T00:00:00-03:00,39.0
1999-11-01,1999,1,11,ECONMI12_FRCCY12,1999-11-01T00:00:00-03:00,37.7
1999-12-01,1999,1,12,ECONMI12_FRCCY12,1999-12-01T00:00:00-02:00,36.7
2000-01-01,2000,1,1,ECONMI12_FRCCY12,2000-01-01T00:00:00-02:00,36.5
2000-02-01,2000,1,2,ECONMI12_FRCCY12,2000-02-01T00:00:00-02:00,35.8
2000-03-01,2000,1,3,ECONMI12_FRCCY12,2000-03-01T00:00:00-03:00,35.5
2000-04-01,2000,1,4,ECONMI12_FRCCY12,2000-04-01T00:00:00-03:00,33.8
2000-05-01,2000,1,5,ECONMI12_FRCCY12,2000-05-01T00:00:00-03:00,35.1
2000-06-01,2000,1,6,ECONMI12_FRCCY12,2000-06-01T00:00:00-03:00,35.9
2000-07-01,2000,1,7,ECONMI12_FRCCY12,2000-07-01T00:00:00-03:00,33.6
2000-08-01,2000,1,8,ECONMI12_FRCCY12,2000-08-01T00:00:00-03:00,33.1
2000-09-01,2000,1,9,ECONMI12_FRCCY12,2000-09-01T00:00:00-03:00,30.3
2000-10-01,2000,1,10,ECONMI12_FRCCY12,2000-10-01T00:00:00-03:00,26.9
2000-11-01,2000,1,11,ECONMI12_FRCCY12,2000-11-01T00:00:00-03:00,25.6
2000-12-01,2000,1,12,ECONMI12_FRCCY12,2000-12-01T00:00:00-02:00,24.1
2001-01-01,2001,1,1,ECONMI12_FRCCY12,2001-01-01T00:00:00-02:00,22.6
2001-02-01,2001,1,2,ECONMI12_FRCCY12,2001-02-01T00:00:00-02:00,25.0
2001-03-01,2001,1,3,ECONMI12_FRCCY12,2001-03-01T00:00:00-03:00,23.5
2001-04-01,2001,1,4,ECONMI12_FRCCY12,2001-04-01T00:00:00-03:00,21.3
2001-05-01,2001,1,5,ECONMI12_FRCCY12,2001-05-01T00:00:00-03:00,14.0
2001-06-01,2001,1,6,ECONMI12_FRCCY12,2001-06-01T00:00:00-03:00,14.3
2001-07-01,2001,1,7,ECONMI12_FRCCY12,2001-07-01T00:00:00-03:00,17.4
2001-08-01,2001,1,8,ECONMI12_FRCCY12,2001-08-01T00:00:00-03:00,20.3
2001-09-01,2001,1,9,ECONMI12_FRCCY12,2001-09-01T00:00:00-03:00,21.8
2001-10-01,2001,1,10,ECONMI12_FRCCY12,2001-10-01T00:00:00-03:00,22.8
2001-11-01,2001,1,11,ECONMI12_FRCCY12,2001-11-01T00:00:00-03:00,24.1
2001-12-01,2001,1,12,ECONMI12_FRCCY12,2001-12-01T00:00:00-02:00,26.8
2002-01-01,2002,1,1,ECONMI12_FRCCY12,2002-01-01T00:00:00-02:00,25.6
2002-02-01,2002,1,2,ECONMI12_FRCCY12,2002-02-01T00:00:00-02:00,24.4
2002-03-01,2002,1,3,ECONMI12_FRCCY12,2002-03-01T00:00:00-03:00,23.6
2002-04-01,2002,1,4,ECONMI12_FRCCY12,2002-04-01T00:00:00-03:00,24.9
2002-05-01,2002,1,5,ECONMI12_FRCCY12,2002-05-01T00:00:00-03:00,26.2
2002-06-01,2002,1,6,ECONMI12_FRCCY12,2002-06-01T00:00:00-03:00,28.4
2002-07-01,2002,1,7,ECONMI12_FRCCY12,2002-07-01T00:00:00-03:00,27.3
2002-08-01,2002,1,8,ECONMI12_FRCCY12,2002-08-01T00:00:00-03:00,27.6
2002-09-01,2002,1,9,ECONMI12_FRCCY12,2002-09-01T00:00:00-03:00,26.8
2002-10-01,2002,1,10,ECONMI12_FRCCY12,2002-10-01T00:00:00-03:00,25.2
2002-11-01,2002,1,11,ECONMI12_FRCCY12,2002-11-01T00:00:00-03:00,27.7
2002-12-01,2002,1,12,ECONMI12_FRCCY12,2002-12-01T00:00:00-02:00,28.3
2003-01-01,2003,1,1,ECONMI12_FRCCY12,2003-01-01T00:00:00-02:00,27.3
2003-02-01,2003,1,2,ECONMI12_FRCCY12,2003-02-01T00:00:00-02:00,28.3
2003-03-01,2003,1,3,ECONMI12_FRCCY12,2003-03-01T00:00:00-03:00,28.6
2003-04-01,2003,1,4,ECONMI12_FRCCY12,2003-04-01T00:00:00-03:00,25.3
2003-05-01,2003,1,5,ECONMI12_FRCCY12,2003-05-01T00:00:00-03:00,27.0
2003-06-01,2003,1,6,ECONMI12_FRCCY12,2003-06-01T00:00:00-03:00,23.2
2003-07-01,2003,1,7,ECONMI12_FRCCY12,2003-07-01T00:00:00-03:00,22.0
2003-08-01,2003,1,8,ECONMI12_FRCCY12,2003-08-01T00:00:00-03:00,21.5
2003-09-01,2003,1,9,ECONMI12_FRCCY12,2003-09-01T00:00:00-03:00,20.6
2003-10-01,2003,1,10,ECONMI12_FRCCY12,2003-10-01T00:00:00-03:00,21.3
2003-11-01,2003,1,11,ECONMI12_FRCCY12,2003-11-01T00:00:00-03:00,20.3
2003-12-01,2003,1,12,ECONMI12_FRCCY12,2003-12-01T00:00:00-02:00,18.2
2004-01-01,2004,1,1,ECONMI12_FRCCY12,2004-01-01T00:00:00-02:00,16.7
2004-02-01,2004,1,2,ECONMI12_FRCCY12,2004-02-01T00:00:00-02:00,11.4
2004-03-01,2004,1,3,ECONMI12_FRCCY12,2004-03-01T00:00:00-03:00,10.0
2004-04-01,2004,1,4,ECONMI12_FRCCY12,2004-04-01T00:00:00-03:00,10.5
2004-05-01,2004,1,5,ECONMI12_FRCCY12,2004-05-01T00:00:00-03:00,2.5
2004-06-01,2004,1,6,ECONMI12_FRCCY12,2004-06-01T00:00:00-03:00,0.7
2004-07-01,2004,1,7,ECONMI12_FRCCY12,2004-07-01T00:00:00-03:00,
2004-08-01,2004,1,8,ECONMI12_FRCCY12,2004-08-01T00:00:00-03:00,-0.7
2004-09-01,2004,1,9,ECONMI12_FRCCY12,2004-09-01T00:00:00-03:00,-2.3
2004-10-01,2004,1,10,ECONMI12_FRCCY12,2004-10-01T00:00:00-03:00,-3.1
2004-11-01,2004,1,11,ECONMI12_FRCCY12,2004-11-01T00:00:00-03:00,-3.4
2004-12-01,2004,1,12,ECONMI12_FRCCY12,2004-12-01T00:00:00-02:00,-5.3
2005-01-01,2005,1,1,ECONMI12_FRCCY12,2005-01-01T00:00:00-02:00,-10.3
2005-02-01,2005,1,2,ECONMI12_FRCCY12,2005-02-01T00:00:00-02:00,-9.6
2005-03-01,2005,1,3,ECONMI12_FRCCY12,2005-03-01T00:00:00-03:00,-10.9
2005-04-01,2005,1,4,ECONMI12_FRCCY12,2005-04-01T00:00:00-03:00,-19.4
2005-05-01,2005,1,5,ECONMI12_FRCCY12,2005-05-01T00:00:00-03:00,-21.7
2005-06-01,2005,1,6,ECONMI12_FRCCY12,2005-06-01T00:00:00-03:00,-22.6
2005-07-01,2005,1,7,ECONMI12_FRCCY12,2005-07-01T00:00:00-03:00,24.1
2005-08-01,2005,1,8,ECONMI12_FRCCY12,2005-08-01T00:00:00-03:00,-25.9
2005-09-01,2005,1,9,ECONMI12_FRCCY12,2005-09-01T00:00:00-03:00,-28.4
2005-10-01,2005,1,10,ECONMI12_FRCCY12,2005-10-01T00:00:00-03:00,-31.4
2005-11-01,2005,1,11,ECONMI12_FRCCY12,2005-11-01T00:00:00-02:00,-34.6
2005-12-01,2005,1,12,ECONMI12_FRCCY12,2005-12-01T00:00:00-02:00,-41.6
2006-01-01,2006,1,1,ECONMI12_FRCCY12,2006-01-01T00:00:00-02:00,-39.7
2006-02-01,2006,1,2,ECONMI12_FRCCY12,2006-02-01T00:00:00-02:00,-43.5
2006-03-01,2006,1,3,ECONMI12_FRCCY12,2006-03-01T00:00:00-03:00,-43.6
2006-04-01,2006,1,4,ECONMI12_FRCCY12,2006-04-01T00:00:00-03:00,-32.6
2006-05-01,2006,1,5,ECONMI12_FRCCY12,2006-05-01T00:00:00-03:00,-33.4
2006-06-01,2006,1,6,ECONMI12_FRCCY12,2006-06-01T00:00:00-03:00,-33.4
2006-07-01,2006,1,7,ECONMI12_FRCCY12,2006-07-01T00:00:00-03:00,-36.3
2006-08-01,2006,1,8,ECONMI12_FRCCY12,2006-08-01T00:00:00-03:00,-39.8
2006-09-01,2006,1,9,ECONMI12_FRCCY12,2006-09-01T00:00:00-03:00,-41.5
2006-10-01,2006,1,10,ECONMI12_FRCCY12,2006-10-01T00:00:00-03:00,-42.4
2006-11-01,2006,1,11,ECONMI12_FRCCY12,2006-11-01T00:00:00-03:00,-43.0
2006-12-01,2006,1,12,ECONMI12_FRCCY12,2006-12-01T00:00:00-02:00,-31.8
2007-01-01,2007,1,1,ECONMI12_FRCCY12,2007-01-01T00:00:00-02:00,-32.4
2007-02-01,2007,1,2,ECONMI12_FRCCY12,2007-02-01T00:00:00-02:00,-30.5
2007-03-01,2007,1,3,ECONMI12_FRCCY12,2007-03-01T00:00:00-03:00,-32.2
2007-04-01,2007,1,4,ECONMI12_FRCCY12,2007-04-01T00:00:00-03:00,-32.3
2007-05-01,2007,1,5,ECONMI12_FRCCY12,2007-05-01T00:00:00-03:00,-31.7
2007-06-01,2007,1,6,ECONMI12_FRCCY12,2007-06-01T00:00:00-03:00,15.7
2007-07-01,2007,1,7,ECONMI12_FRCCY12,2007-07-01T00:00:00-03:00,15.8
2007-08-01,2007,1,8,ECONMI12_FRCCY12,2007-08-01T00:00:00-03:00,-25.8
2007-09-01,2007,1,9,ECONMI12_FRCCY12,2007-09-01T00:00:00-03:00,-28.0
2007-10-01,2007,1,10,ECONMI12_FRCCY12,2007-10-01T00:00:00-03:00,-28.3
2007-11-01,2007,1,11,ECONMI12_FRCCY12,2007-11-01T00:00:00-02:00,-31.6
2007-12-01,2007,1,12,ECONMI12_FRCCY12,2007-12-01T00:00:00-02:00,-33.8
2008-01-01,2008,1,1,ECONMI12_FRCCY12,2008-01-01T00:00:00-02:00,-36.9
2008-02-01,2008,1,2,ECONMI12_FRCCY12,2008-02-01T00:00:00-02:00,-32.7
2008-03-01,2008,1,3,ECONMI12_FRCCY12,2008-03-01T00:00:00-03:00,-35.7
2008-04-01,2008,1,4,ECONMI12_FRCCY12,2008-04-01T00:00:00-03:00,-39.9
2008-05-01,2008,1,5,ECONMI12_FRCCY12,2008-05-01T00:00:00-03:00,-41.6
2008-06-01,2008,1,6,ECONMI12_FRCCY12,2008-06-01T00:00:00-03:00,-46.2
2008-07-01,2008,1,7,ECONMI12_FRCCY12,2008-07-01T00:00:00-03:00,-51.3
2008-08-01,2008,1,8,ECONMI12_FRCCY12,2008-08-01T00:00:00-03:00,-54.2
2008-09-01,2008,1,9,ECONMI12_FRCCY12,2008-09-01T00:00:00-03:00,-53.6
2008-10-01,2008,1,10,ECONMI12_FRCCY12,2008-10-01T00:00:00-03:00,-57.1
2008-11-01,2008,1,11,ECONMI12_FRCCY12,2008-11-01T00:00:00-02:00,-58.7
2008-12-01,2008,1,12,ECONMI12_FRCCY12,2008-12-01T00:00:00-02:00,-56.1
2009-01-01,2009,1,1,ECONMI12_FRCCY12,2009-01-01T00:00:00-02:00,-56.8
2009-01-01,2009,1,1,ECONMI12_FRCCY12,2009-01-01T00:00:00-02:00,-56.8
2009-02-01,2009,1,2,ECONMI12_FRCCY12,2009-02-01T00:00:00-02:00,-54.4
2009-02-01,2009,1,2,ECONMI12_FRCCY12,2009-02-01T00:00:00-02:00,-54.4
2009-03-01,2009,1,3,ECONMI12_FRCCY12,2009-03-01T00:00:00-03:00,-53.6
2009-03-01,2009,1,3,ECONMI12_FRCCY12,2009-03-01T00:00:00-03:00,-53.6
2009-04-01,2009,1,4,ECONMI12_FRCCY12,2009-04-01T00:00:00-03:00,-63.5
2009-04-01,2009,1,4,ECONMI12_FRCCY12,2009-04-01T00:00:00-03:00,-63.5
2009-05-01,2009,1,5,ECONMI12_FRCCY12,2009-05-01T00:00:00-03:00,-59.4
2009-05-01,2009,1,5,ECONMI12_FRCCY12,2009-05-01T00:00:00-03:00,-59.4
2009-06-01,2009,1,6,ECONMI12_FRCCY12,2009-06-01T00:00:00-03:00,-58.3
2009-06-01,2009,1,6,ECONMI12_FRCCY12,2009-06-01T00:00:00-03:00,-58.3
2009-07-01,2009,1,7,ECONMI12_FRCCY12,2009-07-01T00:00:00-03:00,-54.0
2009-07-01,2009,1,7,ECONMI12_FRCCY12,2009-07-01T00:00:00-03:00,-54.0
2009-08-01,2009,1,8,ECONMI12_FRCCY12,2009-08-01T00:00:00-03:00,-58.7
2009-08-01,2009,1,8,ECONMI12_FRCCY12,2009-08-01T00:00:00-03:00,-58.7
2009-09-01,2009,1,9,ECONMI12_FRCCY12,2009-09-01T00:00:00-03:00,-59.0
2009-09-01,2009,1,9,ECONMI12_FRCCY12,2009-09-01T00:00:00-03:00,-59.0
2009-10-01,2009,1,10,ECONMI12_FRCCY12,2009-10-01T00:00:00-03:00,-61.3
2009-10-01,2009,1,10,ECONMI12_FRCCY12,2009-10-01T00:00:00-03:00,-61.3
2009-11-01,2009,1,11,ECONMI12_FRCCY12,2009-11-01T00:00:00-02:00,-56.7
2009-11-01,2009,1,11,ECONMI12_FRCCY12,2009-11-01T00:00:00-02:00,-56.7
2009-12-01,2009,1,12,ECONMI12_FRCCY12,2009-12-01T00:00:00-02:00,-52.6
2009-12-01,2009,1,12,ECONMI12_FRCCY12,2009-12-01T00:00:00-02:00,-52.6
2010-01-01,2010,1,1,ECONMI12_FRCCY12,2010-01-01T00:00:00-02:00,-51.5
2010-01-01,2010,1,1,ECONMI12_FRCCY12,2010-01-01T00:00:00-02:00,-51.5
2010-02-01,2010,1,2,ECONMI12_FRCCY12,2010-02-01T00:00:00-02:00,-58.1
2010-02-01,2010,1,2,ECONMI12_FRCCY12,2010-02-01T00:00:00-02:00,-58.1
2010-03-01,2010,1,3,ECONMI12_FRCCY12,2010-03-01T00:00:00-03:00,-59.2
2010-03-01,2010,1,3,ECONMI12_FRCCY12,2010-03-01T00:00:00-03:00,-59.2
2010-04-01,2010,1,4,ECONMI12_FRCCY12,2010-04-01T00:00:00-03:00,-58.2
2010-04-01,2010,1,4,ECONMI12_FRCCY12,2010-04-01T00:00:00-03:00,-58.2
2010-05-01,2010,1,5,ECONMI12_FRCCY12,2010-05-01T00:00:00-03:00,-52.1
2010-05-01,2010,1,5,ECONMI12_FRCCY12,2010-05-01T00:00:00-03:00,-52.1
2010-06-01,2010,1,6,ECONMI12_FRCCY12,2010-06-01T00:00:00-03:00,-49.4
2010-06-01,2010,1,6,ECONMI12_FRCCY12,2010-06-01T00:00:00-03:00,-49.4
2010-07-01,2010,1,7,ECONMI12_FRCCY12,2010-07-01T00:00:00-03:00,-51.5
2010-07-01,2010,1,7,ECONMI12_FRCCY12,2010-07-01T00:00:00-03:00,-51.5
2010-08-01,2010,1,8,ECONMI12_FRCCY12,2010-08-01T00:00:00-03:00,-51.3
2010-08-01,2010,1,8,ECONMI12_FRCCY12,2010-08-01T00:00:00-03:00,-51.3
2010-09-01,2010,1,9,ECONMI12_FRCCY12,2010-09-01T00:00:00-03:00,-54.4
2010-09-01,2010,1,9,ECONMI12_FRCCY12,2010-09-01T00:00:00-03:00,-54.4
2010-10-01,2010,1,10,ECONMI12_FRCCY12,2010-10-01T00:00:00-03:00,-52.9
2010-10-01,2010,1,10,ECONMI12_FRCCY12,2010-10-01T00:00:00-03:00,-52.9
2010-11-01,2010,1,11,ECONMI12_FRCCY12,2010-11-01T00:00:00-02:00,-53.9
2010-11-01,2010,1,11,ECONMI12_FRCCY12,2010-11-01T00:00:00-02:00,-53.9
2010-12-01,2010,1,12,ECONMI12_FRCCY12,2010-12-01T00:00:00-02:00,-54.0
2010-12-01,2010,1,12,ECONMI12_FRCCY12,2010-12-01T00:00:00-02:00,-54.0
2011-01-01,2011,1,1,ECONMI12_FRCCY12,2011-01-01T00:00:00-02:00,-56.0
2011-01-01,2011,1,1,ECONMI12_FRCCY12,2011-01-01T00:00:00-02:00,-56.0
2011-02-01,2011,1,2,ECONMI12_FRCCY12,2011-02-01T00:00:00-02:00,-60.5
2011-02-01,2011,1,2,ECONMI12_FRCCY12,2011-02-01T00:00:00-02:00,-60.5
2011-03-01,2011,1,3,ECONMI12_FRCCY12,2011-03-01T00:00:00-03:00,-61.1
2011-03-01,2011,1,3,ECONMI12_FRCCY12,2011-03-01T00:00:00-03:00,-61.1
2011-04-01,2011,1,4,ECONMI12_FRCCY12,2011-04-01T00:00:00-03:00,-58.7
2011-04-01,2011,1,4,ECONMI12_FRCCY12,2011-04-01T00:00:00-03:00,-58.7
2011-05-01,2011,1,5,ECONMI12_FRCCY12,2011-05-01T00:00:00-03:00,-60.7
2011-05-01,2011,1,5,ECONMI12_FRCCY12,2011-05-01T00:00:00-03:00,-60.7
2011-06-01,2011,1,6,ECONMI12_FRCCY12,2011-06-01T00:00:00-03:00,-63.4
2011-06-01,2011,1,6,ECONMI12_FRCCY12,2011-06-01T00:00:00-03:00,-63.4
2011-07-01,2011,1,7,ECONMI12_FRCCY12,2011-07-01T00:00:00-03:00,-68.5
2011-07-01,2011,1,7,ECONMI12_FRCCY12,2011-07-01T00:00:00-03:00,-68.5
2011-08-01,2011,1,8,ECONMI12_FRCCY12,2011-08-01T00:00:00-03:00,-63.5
2011-08-01,2011,1,8,ECONMI12_FRCCY12,2011-08-01T00:00:00-03:00,-63.5
2011-09-01,2011,1,9,ECONMI12_FRCCY12,2011-09-01T00:00:00-03:00,-64.5
2011-09-01,2011,1,9,ECONMI12_FRCCY12,2011-09-01T00:00:00-03:00,-64.5
2011-10-01,2011,1,10,ECONMI12_FRCCY12,2011-10-01T00:00:00-03:00,-67.8
2011-10-01,2011,1,10,ECONMI12_FRCCY12,2011-10-01T00:00:00-03:00,-67.8
2011-11-01,2011,1,11,ECONMI12_FRCCY12,2011-11-01T00:00:00-02:00,-65.3
2011-11-01,2011,1,11,ECONMI12_FRCCY12,2011-11-01T00:00:00-02:00,-65.3
2011-12-01,2011,1,12,ECONMI12_FRCCY12,2011-12-01T00:00:00-02:00,-65.2
2011-12-01,2011,1,12,ECONMI12_FRCCY12,2011-12-01T00:00:00-02:00,-65.2
2012-01-01,2012,1,1,ECONMI12_FRCCY12,2012-01-01T00:00:00-02:00,-63.3
2012-01-01,2012,1,1,ECONMI12_FRCCY12,2012-01-01T00:00:00-02:00,-63.3
2012-02-01,2012,1,2,ECONMI12_FRCCY12,2012-02-01T00:00:00-02:00,-62.0
2012-02-01,2012,1,2,ECONMI12_FRCCY12,2012-02-01T00:00:00-02:00,-62.0
2012-03-01,2012,1,3,ECONMI12_FRCCY12,2012-03-01T00:00:00-03:00,-61.6
2012-03-01,2012,1,3,ECONMI12_FRCCY12,2012-03-01T00:00:00-03:00,-61.6
2012-04-01,2012,1,4,ECONMI12_FRCCY12,2012-04-01T00:00:00-03:00,-61.2
2012-04-01,2012,1,4,ECONMI12_FRCCY12,2012-04-01T00:00:00-03:00,-61.2
2012-05-01,2012,1,5,ECONMI12_FRCCY12,2012-05-01T00:00:00-03:00,-51.4
2012-05-01,2012,1,5,ECONMI12_FRCCY12,2012-05-01T00:00:00-03:00,-51.4
2012-06-01,2012,1,6,ECONMI12_FRCCY12,2012-06-01T00:00:00-03:00,-52.9
2012-06-01,2012,1,6,ECONMI12_FRCCY12,2012-06-01T00:00:00-03:00,-52.9
2012-07-01,2012,1,7,ECONMI12_FRCCY12,2012-07-01T00:00:00-03:00,-51.4
2012-07-01,2012,1,7,ECONMI12_FRCCY12,2012-07-01T00:00:00-03:00,-51.4
2012-08-01,2012,1,8,ECONMI12_FRCCY12,2012-08-01T00:00:00-03:00,-53.5
2012-08-01,2012,1,8,ECONMI12_FRCCY12,2012-08-01T00:00:00-03:00,-53.5
2012-09-01,2012,1,9,ECONMI12_FRCCY12,2012-09-01T00:00:00-03:00,-51.3
2012-09-01,2012,1,9,ECONMI12_FRCCY12,2012-09-01T00:00:00-03:00,-51.3
2012-10-01,2012,1,10,ECONMI12_FRCCY12,2012-10-01T00:00:00-03:00,-51.5
2012-10-01,2012,1,10,ECONMI12_FRCCY12,2012-10-01T00:00:00-03:00,-51.5
2012-11-01,2012,1,11,ECONMI12_FRCCY12,2012-11-01T00:00:00-02:00,-58.3
2012-11-01,2012,1,11,ECONMI12_FRCCY12,2012-11-01T00:00:00-02:00,-58.3
2012-12-01,2012,1,12,ECONMI12_FRCCY12,2012-12-01T00:00:00-02:00,-61.5
2012-12-01,2012,1,12,ECONMI12_FRCCY12,2012-12-01T00:00:00-02:00,-61.5
2013-01-01,2013,1,1,ECONMI12_FRCCY12,2013-01-01T00:00:00-02:00,-64.9
2013-01-01,2013,1,1,ECONMI12_FRCCY12,2013-01-01T00:00:00-02:00,-64.9
2013-02-01,2013,1,2,ECONMI12_FRCCY12,2013-02-01T00:00:00-02:00,-61.5
2013-02-01,2013,1,2,ECONMI12_FRCCY12,2013-02-01T00:00:00-02:00,-61.5
2013-03-01,2013,1,3,ECONMI12_FRCCY12,2013-03-01T00:00:00-03:00,-61.3
2013-03-01,2013,1,3,ECONMI12_FRCCY12,2013-03-01T00:00:00-03:00,-61.3
2013-04-01,2013,1,4,ECONMI12_FRCCY12,2013-04-01T00:00:00-03:00,-59.6
2013-04-01,2013,1,4,ECONMI12_FRCCY12,2013-04-01T00:00:00-03:00,-59.6
2013-05-01,2013,1,5,ECONMI12_FRCCY12,2013-05-01T00:00:00-03:00,-53.9
2013-05-01,2013,1,5,ECONMI12_FRCCY12,2013-05-01T00:00:00-03:00,-53.9
2013-06-01,2013,1,6,ECONMI12_FRCCY12,2013-06-01T00:00:00-03:00,-46.4
2013-06-01,2013,1,6,ECONMI12_FRCCY12,2013-06-01T00:00:00-03:00,-46.4
2013-07-01,2013,1,7,ECONMI12_FRCCY12,2013-07-01T00:00:00-03:00,-49.4
2013-07-01,2013,1,7,ECONMI12_FRCCY12,2013-07-01T00:00:00-03:00,-49.4
2013-08-01,2013,1,8,ECONMI12_FRCCY12,2013-08-01T00:00:00-03:00,-49.1
2013-08-01,2013,1,8,ECONMI12_FRCCY12,2013-08-01T00:00:00-03:00,-49.1
2013-09-01,2013,1,9,ECONMI12_FRCCY12,2013-09-01T00:00:00-03:00,-47.0
2013-09-01,2013,1,9,ECONMI12_FRCCY12,2013-09-01T00:00:00-03:00,-47.0
2013-10-01,2013,1,10,ECONMI12_FRCCY12,2013-10-01T00:00:00-03:00,-45.5
2013-10-01,2013,1,10,ECONMI12_FRCCY12,2013-10-01T00:00:00-03:00,-45.5
2013-11-01,2013,1,11,ECONMI12_FRCCY12,2013-11-01T00:00:00-02:00,-42.1
2013-11-01,2013,1,11,ECONMI12_FRCCY12,2013-11-01T00:00:00-02:00,-42.1
2013-12-01,2013,1,12,ECONMI12_FRCCY12,2013-12-01T00:00:00-02:00,-42.0
2013-12-01,2013,1,12,ECONMI12_FRCCY12,2013-12-01T00:00:00-02:00,-42.0
2014-01-01,2014,1,1,ECONMI12_FRCCY12,2014-01-01T00:00:00-02:00,-45.3
2014-01-01,2014,1,1,ECONMI12_FRCCY12,2014-01-01T00:00:00-02:00,-45.3
2014-02-01,2014,1,2,ECONMI12_FRCCY12,2014-02-01T00:00:00-02:00,-33.0
2014-02-01,2014,1,2,ECONMI12_FRCCY12,2014-02-01T00:00:00-02:00,-33.0
2014-03-01,2014,1,3,ECONMI12_FRCCY12,2014-03-01T00:00:00-03:00,-32.0
2014-03-01,2014,1,3,ECONMI12_FRCCY12,2014-03-01T00:00:00-03:00,-32.0
2014-04-01,2014,1,4,ECONMI12_FRCCY12,2014-04-01T00:00:00-03:00,-33.5
2014-04-01,2014,1,4,ECONMI12_FRCCY12,2014-04-01T00:00:00-03:00,-33.5
2014-05-01,2014,1,5,ECONMI12_FRCCY12,2014-05-01T00:00:00-03:00,-44.0
2014-05-01,2014,1,5,ECONMI12_FRCCY12,2014-05-01T00:00:00-03:00,-44.0
2014-06-01,2014,1,6,ECONMI12_FRCCY12,2014-06-01T00:00:00-03:00,-53.0
2014-06-01,2014,1,6,ECONMI12_FRCCY12,2014-06-01T00:00:00-03:00,-53.0
2014-07-01,2014,1,7,ECONMI12_FRCCY12,2014-07-01T00:00:00-03:00,-50.1
2014-07-01,2014,1,7,ECONMI12_FRCCY12,2014-07-01T00:00:00-03:00,-50.1
2014-08-01,2014,1,8,ECONMI12_FRCCY12,2014-08-01T00:00:00-03:00,-47.1
2014-08-01,2014,1,8,ECONMI12_FRCCY12,2014-08-01T00:00:00-03:00,-47.1
2014-09-01,2014,1,9,ECONMI12_FRCCY12,2014-09-01T00:00:00-03:00,-40.0
2014-09-01,2014,1,9,ECONMI12_FRCCY12,2014-09-01T00:00:00-03:00,-40.0
2014-10-01,2014,1,10,ECONMI12_FRCCY12,2014-10-01T00:00:00-03:00,
2014-11-01,2014,1,11,ECONMI12_FRCCY12,2014-11-01T00:00:00-02:00,-29.1
2014-11-01,2014,1,11,ECONMI12_FRCCY12,2014-11-01T00:00:00-02:00,-29.1
2014-12-01,2014,1,12,ECONMI12_FRCCY12,2014-12-01T00:00:00-02:00,-30.5
2014-12-01,2014,1,12,ECONMI12_FRCCY12,2014-12-01T00:00:00-02:00,-30.5
2015-01-01,2015,1,1,ECONMI12_FRCCY12,2015-01-01T00:00:00-02:00,-19.7
2015-01-01,2015,1,1,ECONMI12_FRCCY12,2015-01-01T00:00:00-02:00,-19.7
2015-02-01,2015,1,2,ECONMI12_FRCCY12,2015-02-01T00:00:00-02:00,-18.3
2015-02-01,2015,1,2,ECONMI12_FRCCY12,2015-02-01T00:00:00-02:00,-18.3
2015-03-01,2015,1,3,ECONMI12_FRCCY12,2015-03-01T00:00:00-03:00,-21.8
2015-03-01,2015,1,3,ECONMI12_FRCCY12,2015-03-01T00:00:00-03:00,-21.8
2015-04-01,2015,1,4,ECONMI12_FRCCY12,2015-04-01T00:00:00-03:00,-17.1
2015-04-01,2015,1,4,ECONMI12_FRCCY12,2015-04-01T00:00:00-03:00,-17.1
2015-05-01,2015,1,5,ECONMI12_FRCCY12,2015-05-01T00:00:00-03:00,-10.5
2015-05-01,2015,1,5,ECONMI12_FRCCY12,2015-05-01T00:00:00-03:00,-10.5
2015-06-01,2015,1,6,ECONMI12_FRCCY12,2015-06-01T00:00:00-03:00,-4.2
2015-06-01,2015,1,6,ECONMI12_FRCCY12,2015-06-01T00:00:00-03:00,-4.2
2015-07-01,2015,1,7,ECONMI12_FRCCY12,2015-07-01T00:00:00-03:00,-6.0
2015-07-01,2015,1,7,ECONMI12_FRCCY12,2015-07-01T00:00:00-03:00,-6.0
2015-08-01,2015,1,8,ECONMI12_FRCCY12,2015-08-01T00:00:00-03:00,-0.4
2015-08-01,2015,1,8,ECONMI12_FRCCY12,2015-08-01T00:00:00-03:00,-0.4
2015-09-01,2015,1,9,ECONMI12_FRCCY12,2015-09-01T00:00:00-03:00,0.2
2015-09-01,2015,1,9,ECONMI12_FRCCY12,2015-09-01T00:00:00-03:00,0.2
2015-10-01,2015,1,10,ECONMI12_FRCCY12,2015-10-01T00:00:00-03:00,0.2
2015-10-01,2015,1,10,ECONMI12_FRCCY12,2015-10-01T00:00:00-03:00,0.2
2015-11-01,2015,1,11,ECONMI12_FRCCY12,2015-11-01T00:00:00-02:00,3.5
2015-11-01,2015,1,11,ECONMI12_FRCCY12,2015-11-01T00:00:00-02:00,3.5
2015-12-01,2015,1,12,ECONMI12_FRCCY12,2015-12-01T00:00:00-02:00,-3.3
2015-12-01,2015,1,12,ECONMI12_FRCCY12,2015-12-01T00:00:00-02:00,-3.3
2016-01-01,2016,1,1,ECONMI12_FRCCY12,2016-01-01T00:00:00-02:00,-3.8
2016-01-01,2016,1,1,ECONMI12_FRCCY12,2016-01-01T00:00:00-02:00,-3.8
2016-02-01,2016,1,2,ECONMI12_FRCCY12,2016-02-01T00:00:00-02:00,-11.8
2016-02-01,2016,1,2,ECONMI12_FRCCY12,2016-02-01T00:00:00-02:00,-11.8
2016-03-01,2016,1,3,ECONMI12_FRCCY12,2016-03-01T00:00:00-03:00,-20.6
2016-03-01,2016,1,3,ECONMI12_FRCCY12,2016-03-01T00:00:00-03:00,-20.6
2016-04-01,2016,1,4,ECONMI12_FRCCY12,2016-04-01T00:00:00-03:00,-19.9
2016-05-01,2016,1,5,ECONMI12_FRCCY12,2016-05-01T00:00:00-03:00,-20.9
2016-06-01,2016,1,6,ECONMI12_FRCCY12,2016-06-01T00:00:00-03:00,-21.4
2016-07-01,2016,1,7,ECONMI12_FRCCY12,2016-07-01T00:00:00-03:00,-22.0
2016-08-01,2016,1,8,ECONMI12_FRCCY12,2016-08-01T00:00:00-03:00,-54.4
2016-09-01,2016,1,9,ECONMI12_FRCCY12,2016-09-01T00:00:00-03:00,-34.1
2016-10-01,2016,1,10,ECONMI12_FRCCY12,2016-10-01T00:00:00-03:00,-32.5
2016-11-01,2016,1,11,ECONMI12_FRCCY12,2016-11-01T00:00:00-02:00,-28.6
2016-12-01,2016,1,12,ECONMI12_FRCCY12,2016-12-01T00:00:00-02:00,-26.8
2017-01-01,2017,1,1,ECONMI12_FRCCY12,2017-01-01T00:00:00-02:00,-34.5
2017-02-01,2017,1,2,ECONMI12_FRCCY12,2017-02-01T00:00:00-02:00,-28.5
2017-03-01,2017,1,3,ECONMI12_FRCCY12,2017-03-01T00:00:00-03:00,-27.4
2017-04-01,2017,1,4,ECONMI12_FRCCY12,2017-04-01T00:00:00-03:00,-27.1
2017-05-01,2017,1,5,ECONMI12_FRCCY12,2017-05-01T00:00:00-03:00,-22.4
2017-06-01,2017,1,6,ECONMI12_FRCCY12,2017-06-01T00:00:00-03:00,-25.3
2017-07-01,2017,1,7,ECONMI12_FRCCY12,2017-07-01T00:00:00-03:00,-27.9
2017-08-01,2017,1,8,ECONMI12_FRCCY12,2017-08-01T00:00:00-03:00,-26.0
2017-09-01,2017,1,9,ECONMI12_FRCCY12,2017-09-01T00:00:00-03:00,-26.0
2017-10-01,2017,1,10,ECONMI12_FRCCY12,2017-10-01T00:00:00-03:00,-22.5
2017-11-01,2017,1,11,ECONMI12_FRCCY12,2017-11-01T00:00:00-02:00,-28.7
2017-12-01,2017,1,12,ECONMI12_FRCCY12,2017-12-01T00:00:00-02:00,-28.5
2018-01-01,2018,1,1,ECONMI12_FRCCY12,2018-01-01T00:00:00-02:00,-15.5
2018-02-01,2018,1,2,ECONMI12_FRCCY12,2018-02-01T00:00:00-02:00,-14.4
2018-03-01,2018,1,3,ECONMI12_FRCCY12,2018-03-01T00:00:00-03:00,-12.6
2018-04-01,2018,1,4,ECONMI12_FRCCY12,2018-04-01T00:00:00-03:00,-7.8
2018-05-01,2018,1,5,ECONMI12_FRCCY12,2018-05-01T00:00:00-03:00,-9.9
2018-06-01,2018,1,6,ECONMI12_FRCCY12,2018-06-01T00:00:00-03:00,-10.2
2018-07-01,2018,1,7,ECONMI12_FRCCY12,2018-07-01T00:00:00-03:00,-9.0
2018-08-01,2018,1,8,ECONMI12_FRCCY12,2018-08-01T00:00:00-03:00,-15.4
2018-09-01,2018,1,9,ECONMI12_FRCCY12,2018-09-01T00:00:00-03:00,-16.8
2018-11-01,2018,1,11,ECONMI12_FRCCY12,2018-11-01T00:00:00-03:00,-15.1
2018-12-01,2018,1,12,ECONMI12_FRCCY12,2018-12-01T00:00:00-02:00,-19.9
2019-02-01,2019,1,2,ECONMI12_FRCCY12,2019-02-01T00:00:00-02:00,-67.7
2019-03-01,2019,1,3,ECONMI12_FRCCY12,2019-03-01T00:00:00-03:00,-10.1
2019-04-01,2019,1,4,ECONMI12_FRCCY12,2019-04-01T00:00:00-03:00,-16.8
2019-06-01,2019,1,6,ECONMI12_FRCCY12,2019-06-01T00:00:00-03:00,-17.2
2019-07-01,2019,1,7,ECONMI12_FRCCY12,2019-07-01T00:00:00-03:00,-22.0
2019-08-01,2019,1,8,ECONMI12_FRCCY12,2019-08-01T00:00:00-03:00,-21.4
2019-10-01,2019,1,10,ECONMI12_FRCCY12,2019-10-01T00:00:00-03:00,-22.3
2019-12-01,2019,1,12,ECONMI12_FRCCY12,2019-12-01T00:00:00-03:00,-20.8
2020-03-01,2020,1,3,ECONMI12_FRCCY12,2020-03-01T00:00:00-03:00,-16.5
2020-04-01,2020,1,4,ECONMI12_FRCCY12,2020-04-01T00:00:00-03:00,-22.1
2020-05-01,2020,1,5,ECONMI12_FRCCY12,2020-05-01T00:00:00-03:00,-39.6
2020-06-01,2020,1,6,ECONMI12_FRCCY12,2020-06-01T00:00:00-03:00,-44.7
2020-07-01,2020,1,7,ECONMI12_FRCCY12,2020-07-01T00:00:00-03:00,-41.4
2020-08-01,2020,1,8,ECONMI12_FRCCY12,2020-08-01T00:00:00-03:00,-42.6
2020-10-01,2020,1,10,ECONMI12_FRCCY12,2020-10-01T00:00:00-03:00,-50.9
2020-11-01,2020,1,11,ECONMI12_FRCCY12,2020-11-01T00:00:00-03:00,98.3
2020-12-01,2020,1,12,ECONMI12_FRCCY12,2020-12-01T00:00:00-03:00,-59.7
