DATE,YEAR,DAY,MONTH,CODE,RAW DATE,VALUE (-)
1971-03-01,1971,1,3,GM12_NASDAQ12,1971-03-01T00:00:00-03:00,104.470434782609
1971-03-01,1971,1,3,GM12_NASDAQ12,1971-03-01T00:00:00-03:00,104.470434782609
1971-04-01,1971,1,4,GM12_NASDAQ12,1971-04-01T00:00:00-03:00,109.555238095238
1971-04-01,1971,1,4,GM12_NASDAQ12,1971-04-01T00:00:00-03:00,109.555238095238
1971-05-01,1971,1,5,GM12_NASDAQ12,1971-05-01T00:00:00-03:00,109.5705
1971-05-01,1971,1,5,GM12_NASDAQ12,1971-05-01T00:00:00-03:00,109.5705
1971-06-01,1971,1,6,GM12_NASDAQ12,1971-06-01T00:00:00-03:00,108.567727272727
1971-06-01,1971,1,6,GM12_NASDAQ12,1971-06-01T00:00:00-03:00,108.567727272727
1971-07-01,1971,1,7,GM12_NASDAQ12,1971-07-01T00:00:00-03:00,109.303333333333
1971-07-01,1971,1,7,GM12_NASDAQ12,1971-07-01T00:00:00-03:00,109.303333333333
1971-08-01,1971,1,8,GM12_NASDAQ12,1971-08-01T00:00:00-03:00,106.513181818182
1971-08-01,1971,1,8,GM12_NASDAQ12,1971-08-01T00:00:00-03:00,106.513181818182
1971-09-01,1971,1,9,GM12_NASDAQ12,1971-09-01T00:00:00-03:00,109.52380952381
1971-09-01,1971,1,9,GM12_NASDAQ12,1971-09-01T00:00:00-03:00,109.52380952381
1971-10-01,1971,1,10,GM12_NASDAQ12,1971-10-01T00:00:00-03:00,108.41
1971-10-01,1971,1,10,GM12_NASDAQ12,1971-10-01T00:00:00-03:00,108.41
1971-11-01,1971,1,11,GM12_NASDAQ12,1971-11-01T00:00:00-03:00,103.585238095238
1971-11-01,1971,1,11,GM12_NASDAQ12,1971-11-01T00:00:00-03:00,103.585238095238
1971-12-01,1971,1,12,GM12_NASDAQ12,1971-12-01T00:00:00-02:00,109.808181818182
1971-12-01,1971,1,12,GM12_NASDAQ12,1971-12-01T00:00:00-02:00,109.808181818182
1972-01-01,1972,1,1,GM12_NASDAQ12,1972-01-01T00:00:00-02:00,116.543333333333
1972-01-01,1972,1,1,GM12_NASDAQ12,1972-01-01T00:00:00-02:00,116.543333333333
1972-02-01,1972,1,2,GM12_NASDAQ12,1972-02-01T00:00:00-02:00,122.6645
1972-02-01,1972,1,2,GM12_NASDAQ12,1972-02-01T00:00:00-02:00,122.6645
1972-03-01,1972,1,3,GM12_NASDAQ12,1972-03-01T00:00:00-03:00,127.548181818182
1972-03-01,1972,1,3,GM12_NASDAQ12,1972-03-01T00:00:00-03:00,127.548181818182
1972-04-01,1972,1,4,GM12_NASDAQ12,1972-04-01T00:00:00-03:00,131.8145
1972-04-01,1972,1,4,GM12_NASDAQ12,1972-04-01T00:00:00-03:00,131.8145
1972-05-01,1972,1,5,GM12_NASDAQ12,1972-05-01T00:00:00-03:00,130.496363636364
1972-05-01,1972,1,5,GM12_NASDAQ12,1972-05-01T00:00:00-03:00,130.496363636364
1972-06-01,1972,1,6,GM12_NASDAQ12,1972-06-01T00:00:00-03:00,130.979090909091
1972-06-01,1972,1,6,GM12_NASDAQ12,1972-06-01T00:00:00-03:00,130.979090909091
1972-07-01,1972,1,7,GM12_NASDAQ12,1972-07-01T00:00:00-03:00,129.1825
1972-07-01,1972,1,7,GM12_NASDAQ12,1972-07-01T00:00:00-03:00,129.1825
1972-08-01,1972,1,8,GM12_NASDAQ12,1972-08-01T00:00:00-03:00,130.618695652174
1972-08-01,1972,1,8,GM12_NASDAQ12,1972-08-01T00:00:00-03:00,130.618695652174
1972-09-01,1972,1,9,GM12_NASDAQ12,1972-09-01T00:00:00-03:00,128.284
1972-09-01,1972,1,9,GM12_NASDAQ12,1972-09-01T00:00:00-03:00,128.284
1972-10-01,1972,1,10,GM12_NASDAQ12,1972-10-01T00:00:00-03:00,128.395
1972-10-01,1972,1,10,GM12_NASDAQ12,1972-10-01T00:00:00-03:00,128.395
1972-11-01,1972,1,11,GM12_NASDAQ12,1972-11-01T00:00:00-03:00,132.6745
1972-11-01,1972,1,11,GM12_NASDAQ12,1972-11-01T00:00:00-03:00,132.6745
1972-12-01,1972,1,12,GM12_NASDAQ12,1972-12-01T00:00:00-02:00,133.312105263158
1972-12-01,1972,1,12,GM12_NASDAQ12,1972-12-01T00:00:00-02:00,133.312105263158
1973-01-01,1973,1,1,GM12_NASDAQ12,1973-01-01T00:00:00-02:00,133.529047619048
1973-01-01,1973,1,1,GM12_NASDAQ12,1973-01-01T00:00:00-02:00,133.529047619048
1973-02-01,1973,1,2,GM12_NASDAQ12,1973-02-01T00:00:00-02:00,124.496842105263
1973-02-01,1973,1,2,GM12_NASDAQ12,1973-02-01T00:00:00-02:00,124.496842105263
1973-03-01,1973,1,3,GM12_NASDAQ12,1973-03-01T00:00:00-03:00,119.582727272727
1973-03-01,1973,1,3,GM12_NASDAQ12,1973-03-01T00:00:00-03:00,119.582727272727
1973-04-01,1973,1,4,GM12_NASDAQ12,1973-04-01T00:00:00-03:00,112.95
1973-04-01,1973,1,4,GM12_NASDAQ12,1973-04-01T00:00:00-03:00,112.95
1973-05-01,1973,1,5,GM12_NASDAQ12,1973-05-01T00:00:00-03:00,106.370909090909
1973-05-01,1973,1,5,GM12_NASDAQ12,1973-05-01T00:00:00-03:00,106.370909090909
1973-06-01,1973,1,6,GM12_NASDAQ12,1973-06-01T00:00:00-03:00,101.752857142857
1973-06-01,1973,1,6,GM12_NASDAQ12,1973-06-01T00:00:00-03:00,101.752857142857
1973-07-01,1973,1,7,GM12_NASDAQ12,1973-07-01T00:00:00-03:00,104.68619047619
1973-07-01,1973,1,7,GM12_NASDAQ12,1973-07-01T00:00:00-03:00,104.68619047619
1973-08-01,1973,1,8,GM12_NASDAQ12,1973-08-01T00:00:00-03:00,104.389565217391
1973-08-01,1973,1,8,GM12_NASDAQ12,1973-08-01T00:00:00-03:00,104.389565217391
1973-09-01,1973,1,9,GM12_NASDAQ12,1973-09-01T00:00:00-03:00,107.522777777778
1973-09-01,1973,1,9,GM12_NASDAQ12,1973-09-01T00:00:00-03:00,107.522777777778
1973-10-01,1973,1,10,GM12_NASDAQ12,1973-10-01T00:00:00-03:00,112.357391304348
1973-10-01,1973,1,10,GM12_NASDAQ12,1973-10-01T00:00:00-03:00,112.357391304348
1973-11-01,1973,1,11,GM12_NASDAQ12,1973-11-01T00:00:00-03:00,101.291904761905
1973-11-01,1973,1,11,GM12_NASDAQ12,1973-11-01T00:00:00-03:00,101.291904761905
1973-12-01,1973,1,12,GM12_NASDAQ12,1973-12-01T00:00:00-02:00,90.7925
1973-12-01,1973,1,12,GM12_NASDAQ12,1973-12-01T00:00:00-02:00,90.7925
1974-01-01,1974,1,1,GM12_NASDAQ12,1974-01-01T00:00:00-02:00,94.2090909090909
1974-01-01,1974,1,1,GM12_NASDAQ12,1974-01-01T00:00:00-02:00,94.2090909090909
1974-02-01,1974,1,2,GM12_NASDAQ12,1974-02-01T00:00:00-02:00,92.2036842105263
1974-02-01,1974,1,2,GM12_NASDAQ12,1974-02-01T00:00:00-02:00,92.2036842105263
1974-03-01,1974,1,3,GM12_NASDAQ12,1974-03-01T00:00:00-03:00,94.9652380952381
1974-03-01,1974,1,3,GM12_NASDAQ12,1974-03-01T00:00:00-03:00,94.9652380952381
1974-04-01,1974,1,4,GM12_NASDAQ12,1974-04-01T00:00:00-03:00,89.5890476190476
1974-04-01,1974,1,4,GM12_NASDAQ12,1974-04-01T00:00:00-03:00,89.5890476190476
1974-05-01,1974,1,5,GM12_NASDAQ12,1974-05-01T00:00:00-03:00,83.3972727272727
1974-05-01,1974,1,5,GM12_NASDAQ12,1974-05-01T00:00:00-03:00,83.3972727272727
1974-06-01,1974,1,6,GM12_NASDAQ12,1974-06-01T00:00:00-03:00,81.0015
1974-06-01,1974,1,6,GM12_NASDAQ12,1974-06-01T00:00:00-03:00,81.0015
1974-07-01,1974,1,7,GM12_NASDAQ12,1974-07-01T00:00:00-03:00,72.435
1974-07-01,1974,1,7,GM12_NASDAQ12,1974-07-01T00:00:00-03:00,72.435
1974-08-01,1974,1,8,GM12_NASDAQ12,1974-08-01T00:00:00-03:00,66.5822727272727
1974-08-01,1974,1,8,GM12_NASDAQ12,1974-08-01T00:00:00-03:00,66.5822727272727
1974-09-01,1974,1,9,GM12_NASDAQ12,1974-09-01T00:00:00-03:00,58.642
1974-09-01,1974,1,9,GM12_NASDAQ12,1974-09-01T00:00:00-03:00,58.642
1974-10-01,1974,1,10,GM12_NASDAQ12,1974-10-01T00:00:00-03:00,60.5752173913043
1974-10-01,1974,1,10,GM12_NASDAQ12,1974-10-01T00:00:00-03:00,60.5752173913043
1974-11-01,1974,1,11,GM12_NASDAQ12,1974-11-01T00:00:00-03:00,63.9425
1974-11-01,1974,1,11,GM12_NASDAQ12,1974-11-01T00:00:00-03:00,63.9425
1974-12-01,1974,1,12,GM12_NASDAQ12,1974-12-01T00:00:00-02:00,59.1619047619048
1974-12-01,1974,1,12,GM12_NASDAQ12,1974-12-01T00:00:00-02:00,59.1619047619048
1975-01-01,1975,1,1,GM12_NASDAQ12,1975-01-01T00:00:00-02:00,64.4572727272727
1975-01-01,1975,1,1,GM12_NASDAQ12,1975-01-01T00:00:00-02:00,64.4572727272727
1975-02-01,1975,1,2,GM12_NASDAQ12,1975-02-01T00:00:00-02:00,72.0831578947368
1975-02-01,1975,1,2,GM12_NASDAQ12,1975-02-01T00:00:00-02:00,72.0831578947368
1975-03-01,1975,1,3,GM12_NASDAQ12,1975-03-01T00:00:00-03:00,75.057
1975-03-01,1975,1,3,GM12_NASDAQ12,1975-03-01T00:00:00-03:00,75.057
1975-04-01,1975,1,4,GM12_NASDAQ12,1975-04-01T00:00:00-03:00,76.975
1975-04-01,1975,1,4,GM12_NASDAQ12,1975-04-01T00:00:00-03:00,76.975
1975-05-01,1975,1,5,GM12_NASDAQ12,1975-05-01T00:00:00-03:00,81.847619047619
1975-05-01,1975,1,5,GM12_NASDAQ12,1975-05-01T00:00:00-03:00,81.847619047619
1975-06-01,1975,1,6,GM12_NASDAQ12,1975-06-01T00:00:00-03:00,84.6414285714286
1975-06-01,1975,1,6,GM12_NASDAQ12,1975-06-01T00:00:00-03:00,84.6414285714286
1975-07-01,1975,1,7,GM12_NASDAQ12,1975-07-01T00:00:00-03:00,85.62
1975-07-01,1975,1,7,GM12_NASDAQ12,1975-07-01T00:00:00-03:00,85.62
1975-08-01,1975,1,8,GM12_NASDAQ12,1975-08-01T00:00:00-03:00,78.4076190476191
1975-08-01,1975,1,8,GM12_NASDAQ12,1975-08-01T00:00:00-03:00,78.4076190476191
1975-09-01,1975,1,9,GM12_NASDAQ12,1975-09-01T00:00:00-03:00,75.9147619047619
1975-09-01,1975,1,9,GM12_NASDAQ12,1975-09-01T00:00:00-03:00,75.9147619047619
1975-10-01,1975,1,10,GM12_NASDAQ12,1975-10-01T00:00:00-03:00,77.2582608695652
1975-10-01,1975,1,10,GM12_NASDAQ12,1975-10-01T00:00:00-03:00,77.2582608695652
1975-11-01,1975,1,11,GM12_NASDAQ12,1975-11-01T00:00:00-03:00,78.0405263157895
1975-11-01,1975,1,11,GM12_NASDAQ12,1975-11-01T00:00:00-03:00,78.0405263157895
1975-12-01,1975,1,12,GM12_NASDAQ12,1975-12-01T00:00:00-02:00,75.9081818181818
1975-12-01,1975,1,12,GM12_NASDAQ12,1975-12-01T00:00:00-02:00,75.9081818181818
1976-01-01,1976,1,1,GM12_NASDAQ12,1976-01-01T00:00:00-02:00,83.3771428571428
1976-01-01,1976,1,1,GM12_NASDAQ12,1976-01-01T00:00:00-02:00,83.3771428571428
1976-02-01,1976,1,2,GM12_NASDAQ12,1976-02-01T00:00:00-02:00,89.3021052631579
1976-02-01,1976,1,2,GM12_NASDAQ12,1976-02-01T00:00:00-02:00,89.3021052631579
1976-03-01,1976,1,3,GM12_NASDAQ12,1976-03-01T00:00:00-03:00,90.2413043478261
1976-03-01,1976,1,3,GM12_NASDAQ12,1976-03-01T00:00:00-03:00,90.2413043478261
1976-04-01,1976,1,4,GM12_NASDAQ12,1976-04-01T00:00:00-03:00,90.1414285714285
1976-04-01,1976,1,4,GM12_NASDAQ12,1976-04-01T00:00:00-03:00,90.1414285714285
1976-05-01,1976,1,5,GM12_NASDAQ12,1976-05-01T00:00:00-03:00,89.291
1976-05-01,1976,1,5,GM12_NASDAQ12,1976-05-01T00:00:00-03:00,89.291
1976-06-01,1976,1,6,GM12_NASDAQ12,1976-06-01T00:00:00-03:00,88.7668181818182
1976-06-01,1976,1,6,GM12_NASDAQ12,1976-06-01T00:00:00-03:00,88.7668181818182
1976-07-01,1976,1,7,GM12_NASDAQ12,1976-07-01T00:00:00-03:00,91.447619047619
1976-07-01,1976,1,7,GM12_NASDAQ12,1976-07-01T00:00:00-03:00,91.447619047619
1976-08-01,1976,1,8,GM12_NASDAQ12,1976-08-01T00:00:00-03:00,90.8709090909091
1976-08-01,1976,1,8,GM12_NASDAQ12,1976-08-01T00:00:00-03:00,90.8709090909091
1976-09-01,1976,1,9,GM12_NASDAQ12,1976-09-01T00:00:00-03:00,91.4057142857143
1976-09-01,1976,1,9,GM12_NASDAQ12,1976-09-01T00:00:00-03:00,91.4057142857143
1976-10-01,1976,1,10,GM12_NASDAQ12,1976-10-01T00:00:00-03:00,89.5
1976-10-01,1976,1,10,GM12_NASDAQ12,1976-10-01T00:00:00-03:00,89.5
1976-11-01,1976,1,11,GM12_NASDAQ12,1976-11-01T00:00:00-03:00,89.5315
1976-11-01,1976,1,11,GM12_NASDAQ12,1976-11-01T00:00:00-03:00,89.5315
1976-12-01,1976,1,12,GM12_NASDAQ12,1976-12-01T00:00:00-02:00,94.5518181818182
1976-12-01,1976,1,12,GM12_NASDAQ12,1976-12-01T00:00:00-02:00,94.5518181818182
1977-01-01,1977,1,1,GM12_NASDAQ12,1977-01-01T00:00:00-02:00,96.8980952380952
1977-01-01,1977,1,1,GM12_NASDAQ12,1977-01-01T00:00:00-02:00,96.8980952380952
1977-02-01,1977,1,2,GM12_NASDAQ12,1977-02-01T00:00:00-02:00,96.09
1977-02-01,1977,1,2,GM12_NASDAQ12,1977-02-01T00:00:00-02:00,96.09
1977-03-01,1977,1,3,GM12_NASDAQ12,1977-03-01T00:00:00-03:00,95.7013043478261
1977-03-01,1977,1,3,GM12_NASDAQ12,1977-03-01T00:00:00-03:00,95.7013043478261
1977-04-01,1977,1,4,GM12_NASDAQ12,1977-04-01T00:00:00-03:00,95.0045
1977-04-01,1977,1,4,GM12_NASDAQ12,1977-04-01T00:00:00-03:00,95.0045
1977-05-01,1977,1,5,GM12_NASDAQ12,1977-05-01T00:00:00-03:00,96.9447619047619
1977-05-01,1977,1,5,GM12_NASDAQ12,1977-05-01T00:00:00-03:00,96.9447619047619
1977-06-01,1977,1,6,GM12_NASDAQ12,1977-06-01T00:00:00-03:00,97.8654545454545
1977-06-01,1977,1,6,GM12_NASDAQ12,1977-06-01T00:00:00-03:00,97.8654545454545
1977-07-01,1977,1,7,GM12_NASDAQ12,1977-07-01T00:00:00-03:00,101.348947368421
1977-07-01,1977,1,7,GM12_NASDAQ12,1977-07-01T00:00:00-03:00,101.348947368421
1977-08-01,1977,1,8,GM12_NASDAQ12,1977-08-01T00:00:00-03:00,100.579565217391
1977-08-01,1977,1,8,GM12_NASDAQ12,1977-08-01T00:00:00-03:00,100.579565217391
1977-09-01,1977,1,9,GM12_NASDAQ12,1977-09-01T00:00:00-03:00,100.413333333333
1977-09-01,1977,1,9,GM12_NASDAQ12,1977-09-01T00:00:00-03:00,100.413333333333
1977-10-01,1977,1,10,GM12_NASDAQ12,1977-10-01T00:00:00-03:00,99.2471428571429
1977-10-01,1977,1,10,GM12_NASDAQ12,1977-10-01T00:00:00-03:00,99.2471428571429
1977-11-01,1977,1,11,GM12_NASDAQ12,1977-11-01T00:00:00-03:00,100.691904761905
1977-11-01,1977,1,11,GM12_NASDAQ12,1977-11-01T00:00:00-03:00,100.691904761905
1977-12-01,1977,1,12,GM12_NASDAQ12,1977-12-01T00:00:00-02:00,103.710476190476
1977-12-01,1977,1,12,GM12_NASDAQ12,1977-12-01T00:00:00-02:00,103.710476190476
1978-01-01,1978,1,1,GM12_NASDAQ12,1978-01-01T00:00:00-02:00,100.780476190476
1978-01-01,1978,1,1,GM12_NASDAQ12,1978-01-01T00:00:00-02:00,100.780476190476
1978-02-01,1978,1,2,GM12_NASDAQ12,1978-02-01T00:00:00-02:00,102.444736842105
1978-02-01,1978,1,2,GM12_NASDAQ12,1978-02-01T00:00:00-02:00,102.444736842105
1978-03-01,1978,1,3,GM12_NASDAQ12,1978-03-01T00:00:00-03:00,104.01
1978-03-01,1978,1,3,GM12_NASDAQ12,1978-03-01T00:00:00-03:00,104.01
1978-04-01,1978,1,4,GM12_NASDAQ12,1978-04-01T00:00:00-03:00,110.7685
1978-04-01,1978,1,4,GM12_NASDAQ12,1978-04-01T00:00:00-03:00,110.7685
1978-05-01,1978,1,5,GM12_NASDAQ12,1978-05-01T00:00:00-03:00,119.077272727273
1978-05-01,1978,1,5,GM12_NASDAQ12,1978-05-01T00:00:00-03:00,119.077272727273
1978-06-01,1978,1,6,GM12_NASDAQ12,1978-06-01T00:00:00-03:00,122.011818181818
1978-06-01,1978,1,6,GM12_NASDAQ12,1978-06-01T00:00:00-03:00,122.011818181818
1978-07-01,1978,1,7,GM12_NASDAQ12,1978-07-01T00:00:00-03:00,122.119
1978-07-01,1978,1,7,GM12_NASDAQ12,1978-07-01T00:00:00-03:00,122.119
1978-08-01,1978,1,8,GM12_NASDAQ12,1978-08-01T00:00:00-03:00,132.54
1978-08-01,1978,1,8,GM12_NASDAQ12,1978-08-01T00:00:00-03:00,132.54
1978-09-01,1978,1,9,GM12_NASDAQ12,1978-09-01T00:00:00-03:00,135.2345
1978-09-01,1978,1,9,GM12_NASDAQ12,1978-09-01T00:00:00-03:00,135.2345
1978-10-01,1978,1,10,GM12_NASDAQ12,1978-10-01T00:00:00-03:00,127.677727272727
1978-10-01,1978,1,10,GM12_NASDAQ12,1978-10-01T00:00:00-03:00,127.677727272727
1978-11-01,1978,1,11,GM12_NASDAQ12,1978-11-01T00:00:00-03:00,114.122380952381
1978-11-01,1978,1,11,GM12_NASDAQ12,1978-11-01T00:00:00-03:00,114.122380952381
1978-12-01,1978,1,12,GM12_NASDAQ12,1978-12-01T00:00:00-02:00,117.2485
1978-12-01,1978,1,12,GM12_NASDAQ12,1978-12-01T00:00:00-02:00,117.2485
1979-01-01,1979,1,1,GM12_NASDAQ12,1979-01-01T00:00:00-02:00,123.718181818182
1979-01-01,1979,1,1,GM12_NASDAQ12,1979-01-01T00:00:00-02:00,123.718181818182
1979-02-01,1979,1,2,GM12_NASDAQ12,1979-02-01T00:00:00-02:00,124.548947368421
1979-02-01,1979,1,2,GM12_NASDAQ12,1979-02-01T00:00:00-02:00,124.548947368421
1979-03-01,1979,1,3,GM12_NASDAQ12,1979-03-01T00:00:00-03:00,128.080454545455
1979-03-01,1979,1,3,GM12_NASDAQ12,1979-03-01T00:00:00-03:00,128.080454545455
1979-04-01,1979,1,4,GM12_NASDAQ12,1979-04-01T00:00:00-03:00,133.4455
1979-04-01,1979,1,4,GM12_NASDAQ12,1979-04-01T00:00:00-03:00,133.4455
1979-05-01,1979,1,5,GM12_NASDAQ12,1979-05-01T00:00:00-03:00,131.348636363636
1979-05-01,1979,1,5,GM12_NASDAQ12,1979-05-01T00:00:00-03:00,131.348636363636
1979-06-01,1979,1,6,GM12_NASDAQ12,1979-06-01T00:00:00-03:00,135.639523809524
1979-06-01,1979,1,6,GM12_NASDAQ12,1979-06-01T00:00:00-03:00,135.639523809524
1979-07-01,1979,1,7,GM12_NASDAQ12,1979-07-01T00:00:00-03:00,138.580476190476
1979-07-01,1979,1,7,GM12_NASDAQ12,1979-07-01T00:00:00-03:00,138.580476190476
1979-08-01,1979,1,8,GM12_NASDAQ12,1979-08-01T00:00:00-03:00,146.685652173913
1979-08-01,1979,1,8,GM12_NASDAQ12,1979-08-01T00:00:00-03:00,146.685652173913
1979-09-01,1979,1,9,GM12_NASDAQ12,1979-09-01T00:00:00-03:00,149.203684210526
1979-09-01,1979,1,9,GM12_NASDAQ12,1979-09-01T00:00:00-03:00,149.203684210526
1979-10-01,1979,1,10,GM12_NASDAQ12,1979-10-01T00:00:00-03:00,140.52652173913
1979-10-01,1979,1,10,GM12_NASDAQ12,1979-10-01T00:00:00-03:00,140.52652173913
1979-11-01,1979,1,11,GM12_NASDAQ12,1979-11-01T00:00:00-03:00,138.782857142857
1979-11-01,1979,1,11,GM12_NASDAQ12,1979-11-01T00:00:00-03:00,138.782857142857
1979-12-01,1979,1,12,GM12_NASDAQ12,1979-12-01T00:00:00-02:00,148.7485
1979-12-01,1979,1,12,GM12_NASDAQ12,1979-12-01T00:00:00-02:00,148.7485
1980-01-01,1980,1,1,GM12_NASDAQ12,1980-01-01T00:00:00-02:00,155.140909090909
1980-01-01,1980,1,1,GM12_NASDAQ12,1980-01-01T00:00:00-02:00,155.140909090909
1980-02-01,1980,1,2,GM12_NASDAQ12,1980-02-01T00:00:00-02:00,161.644
1980-02-01,1980,1,2,GM12_NASDAQ12,1980-02-01T00:00:00-02:00,161.644
1980-03-01,1980,1,3,GM12_NASDAQ12,1980-03-01T00:00:00-03:00,141.100476190476
1980-03-01,1980,1,3,GM12_NASDAQ12,1980-03-01T00:00:00-03:00,141.100476190476
1980-04-01,1980,1,4,GM12_NASDAQ12,1980-04-01T00:00:00-03:00,136.286666666667
1980-04-01,1980,1,4,GM12_NASDAQ12,1980-04-01T00:00:00-03:00,136.286666666667
1980-05-01,1980,1,5,GM12_NASDAQ12,1980-05-01T00:00:00-03:00,145.684761904762
1980-05-01,1980,1,5,GM12_NASDAQ12,1980-05-01T00:00:00-03:00,145.684761904762
1980-06-01,1980,1,6,GM12_NASDAQ12,1980-06-01T00:00:00-03:00,155.429047619048
1980-06-01,1980,1,6,GM12_NASDAQ12,1980-06-01T00:00:00-03:00,155.429047619048
1980-07-01,1980,1,7,GM12_NASDAQ12,1980-07-01T00:00:00-03:00,166.925909090909
1980-07-01,1980,1,7,GM12_NASDAQ12,1980-07-01T00:00:00-03:00,166.925909090909
1980-08-01,1980,1,8,GM12_NASDAQ12,1980-08-01T00:00:00-03:00,177.729047619048
1980-08-01,1980,1,8,GM12_NASDAQ12,1980-08-01T00:00:00-03:00,177.729047619048
1980-09-01,1980,1,9,GM12_NASDAQ12,1980-09-01T00:00:00-03:00,189.485714285714
1980-09-01,1980,1,9,GM12_NASDAQ12,1980-09-01T00:00:00-03:00,189.485714285714
1980-10-01,1980,1,10,GM12_NASDAQ12,1980-10-01T00:00:00-03:00,195.757826086957
1980-10-01,1980,1,10,GM12_NASDAQ12,1980-10-01T00:00:00-03:00,195.757826086957
1980-11-01,1980,1,11,GM12_NASDAQ12,1980-11-01T00:00:00-03:00,200.685555555556
1980-11-01,1980,1,11,GM12_NASDAQ12,1980-11-01T00:00:00-03:00,200.685555555556
1980-12-01,1980,1,12,GM12_NASDAQ12,1980-12-01T00:00:00-02:00,198.398636363636
1980-12-01,1980,1,12,GM12_NASDAQ12,1980-12-01T00:00:00-02:00,198.398636363636
1981-01-01,1981,1,1,GM12_NASDAQ12,1981-01-01T00:00:00-02:00,198.982857142857
1981-01-01,1981,1,1,GM12_NASDAQ12,1981-01-01T00:00:00-02:00,198.982857142857
1981-02-01,1981,1,2,GM12_NASDAQ12,1981-02-01T00:00:00-02:00,194.852105263158
1981-02-01,1981,1,2,GM12_NASDAQ12,1981-02-01T00:00:00-02:00,194.852105263158
1981-03-01,1981,1,3,GM12_NASDAQ12,1981-03-01T00:00:00-03:00,203.58
1981-03-01,1981,1,3,GM12_NASDAQ12,1981-03-01T00:00:00-03:00,203.58
1981-04-01,1981,1,4,GM12_NASDAQ12,1981-04-01T00:00:00-03:00,215.22380952381
1981-04-01,1981,1,4,GM12_NASDAQ12,1981-04-01T00:00:00-03:00,215.22380952381
1981-05-01,1981,1,5,GM12_NASDAQ12,1981-05-01T00:00:00-03:00,216.5435
1981-05-01,1981,1,5,GM12_NASDAQ12,1981-05-01T00:00:00-03:00,216.5435
1981-06-01,1981,1,6,GM12_NASDAQ12,1981-06-01T00:00:00-03:00,220.040454545455
1981-06-01,1981,1,6,GM12_NASDAQ12,1981-06-01T00:00:00-03:00,220.040454545455
1981-07-01,1981,1,7,GM12_NASDAQ12,1981-07-01T00:00:00-03:00,209.836363636364
1981-07-01,1981,1,7,GM12_NASDAQ12,1981-07-01T00:00:00-03:00,209.836363636364
1981-08-01,1981,1,8,GM12_NASDAQ12,1981-08-01T00:00:00-03:00,206.598571428571
1981-08-01,1981,1,8,GM12_NASDAQ12,1981-08-01T00:00:00-03:00,206.598571428571
1981-09-01,1981,1,9,GM12_NASDAQ12,1981-09-01T00:00:00-03:00,185.372380952381
1981-09-01,1981,1,9,GM12_NASDAQ12,1981-09-01T00:00:00-03:00,185.372380952381
1981-10-01,1981,1,10,GM12_NASDAQ12,1981-10-01T00:00:00-03:00,190.201363636364
1981-10-01,1981,1,10,GM12_NASDAQ12,1981-10-01T00:00:00-03:00,190.201363636364
1981-11-01,1981,1,11,GM12_NASDAQ12,1981-11-01T00:00:00-03:00,199.229
1981-11-01,1981,1,11,GM12_NASDAQ12,1981-11-01T00:00:00-03:00,199.229
1981-12-01,1981,1,12,GM12_NASDAQ12,1981-12-01T00:00:00-02:00,197.149545454545
1981-12-01,1981,1,12,GM12_NASDAQ12,1981-12-01T00:00:00-02:00,197.149545454545
1982-01-01,1982,1,1,GM12_NASDAQ12,1982-01-01T00:00:00-02:00,187.6785
1982-01-01,1982,1,1,GM12_NASDAQ12,1982-01-01T00:00:00-02:00,187.6785
1982-02-01,1982,1,2,GM12_NASDAQ12,1982-02-01T00:00:00-02:00,182.628421052632
1982-02-01,1982,1,2,GM12_NASDAQ12,1982-02-01T00:00:00-02:00,182.628421052632
1982-03-01,1982,1,3,GM12_NASDAQ12,1982-03-01T00:00:00-03:00,173.283913043478
1982-03-01,1982,1,3,GM12_NASDAQ12,1982-03-01T00:00:00-03:00,173.283913043478
1982-04-01,1982,1,4,GM12_NASDAQ12,1982-04-01T00:00:00-03:00,181.844285714286
1982-04-01,1982,1,4,GM12_NASDAQ12,1982-04-01T00:00:00-03:00,181.844285714286
1982-05-01,1982,1,5,GM12_NASDAQ12,1982-05-01T00:00:00-03:00,184.607
1982-05-01,1982,1,5,GM12_NASDAQ12,1982-05-01T00:00:00-03:00,184.607
1982-06-01,1982,1,6,GM12_NASDAQ12,1982-06-01T00:00:00-03:00,172.073636363636
1982-06-01,1982,1,6,GM12_NASDAQ12,1982-06-01T00:00:00-03:00,172.073636363636
1982-07-01,1982,1,7,GM12_NASDAQ12,1982-07-01T00:00:00-03:00,169.625238095238
1982-07-01,1982,1,7,GM12_NASDAQ12,1982-07-01T00:00:00-03:00,169.625238095238
1982-08-01,1982,1,8,GM12_NASDAQ12,1982-08-01T00:00:00-03:00,167.263636363636
1982-08-01,1982,1,8,GM12_NASDAQ12,1982-08-01T00:00:00-03:00,167.263636363636
1982-09-01,1982,1,9,GM12_NASDAQ12,1982-09-01T00:00:00-03:00,185.088571428571
1982-09-01,1982,1,9,GM12_NASDAQ12,1982-09-01T00:00:00-03:00,185.088571428571
1982-10-01,1982,1,10,GM12_NASDAQ12,1982-10-01T00:00:00-03:00,203.941428571429
1982-10-01,1982,1,10,GM12_NASDAQ12,1982-10-01T00:00:00-03:00,203.941428571429
1982-11-01,1982,1,11,GM12_NASDAQ12,1982-11-01T00:00:00-03:00,226.970476190476
1982-11-01,1982,1,11,GM12_NASDAQ12,1982-11-01T00:00:00-03:00,226.970476190476
1982-12-01,1982,1,12,GM12_NASDAQ12,1982-12-01T00:00:00-02:00,233.030454545455
1982-12-01,1982,1,12,GM12_NASDAQ12,1982-12-01T00:00:00-02:00,233.030454545455
1983-01-01,1983,1,1,GM12_NASDAQ12,1983-01-01T00:00:00-02:00,241.47619047619
1983-01-01,1983,1,1,GM12_NASDAQ12,1983-01-01T00:00:00-02:00,241.47619047619
1983-02-01,1983,1,2,GM12_NASDAQ12,1983-02-01T00:00:00-02:00,256.058421052632
1983-02-01,1983,1,2,GM12_NASDAQ12,1983-02-01T00:00:00-02:00,256.058421052632
1983-03-01,1983,1,3,GM12_NASDAQ12,1983-03-01T00:00:00-03:00,266.451304347826
1983-03-01,1983,1,3,GM12_NASDAQ12,1983-03-01T00:00:00-03:00,266.451304347826
1983-04-01,1983,1,4,GM12_NASDAQ12,1983-04-01T00:00:00-03:00,279.558
1983-04-01,1983,1,4,GM12_NASDAQ12,1983-04-01T00:00:00-03:00,279.558
1983-05-01,1983,1,5,GM12_NASDAQ12,1983-05-01T00:00:00-03:00,302.447142857143
1983-05-01,1983,1,5,GM12_NASDAQ12,1983-05-01T00:00:00-03:00,302.447142857143
1983-06-01,1983,1,6,GM12_NASDAQ12,1983-06-01T00:00:00-03:00,319.330909090909
1983-06-01,1983,1,6,GM12_NASDAQ12,1983-06-01T00:00:00-03:00,319.330909090909
1983-07-01,1983,1,7,GM12_NASDAQ12,1983-07-01T00:00:00-03:00,316.232
1983-07-01,1983,1,7,GM12_NASDAQ12,1983-07-01T00:00:00-03:00,316.232
1983-08-01,1983,1,8,GM12_NASDAQ12,1983-08-01T00:00:00-03:00,296.874347826087
1983-08-01,1983,1,8,GM12_NASDAQ12,1983-08-01T00:00:00-03:00,296.874347826087
1983-09-01,1983,1,9,GM12_NASDAQ12,1983-09-01T00:00:00-03:00,300.37
1983-09-01,1983,1,9,GM12_NASDAQ12,1983-09-01T00:00:00-03:00,300.37
1983-10-01,1983,1,10,GM12_NASDAQ12,1983-10-01T00:00:00-03:00,286.524761904762
1983-10-01,1983,1,10,GM12_NASDAQ12,1983-10-01T00:00:00-03:00,286.524761904762
1983-11-01,1983,1,11,GM12_NASDAQ12,1983-11-01T00:00:00-03:00,278.647619047619
1983-11-01,1983,1,11,GM12_NASDAQ12,1983-11-01T00:00:00-03:00,278.647619047619
1983-12-01,1983,1,12,GM12_NASDAQ12,1983-12-01T00:00:00-02:00,278.655714285714
1983-12-01,1983,1,12,GM12_NASDAQ12,1983-12-01T00:00:00-02:00,278.655714285714
1984-01-01,1984,1,1,GM12_NASDAQ12,1984-01-01T00:00:00-02:00,282.004285714286
1984-01-01,1984,1,1,GM12_NASDAQ12,1984-01-01T00:00:00-02:00,282.004285714286
1984-02-01,1984,1,2,GM12_NASDAQ12,1984-02-01T00:00:00-02:00,254.3865
1984-02-01,1984,1,2,GM12_NASDAQ12,1984-02-01T00:00:00-02:00,254.3865
1984-03-01,1984,1,3,GM12_NASDAQ12,1984-03-01T00:00:00-03:00,251.25
1984-03-01,1984,1,3,GM12_NASDAQ12,1984-03-01T00:00:00-03:00,251.25
1984-04-01,1984,1,4,GM12_NASDAQ12,1984-04-01T00:00:00-03:00,245.199
1984-04-01,1984,1,4,GM12_NASDAQ12,1984-04-01T00:00:00-03:00,245.199
1984-05-01,1984,1,5,GM12_NASDAQ12,1984-05-01T00:00:00-03:00,245.243181818182
1984-05-01,1984,1,5,GM12_NASDAQ12,1984-05-01T00:00:00-03:00,245.243181818182
1984-06-01,1984,1,6,GM12_NASDAQ12,1984-06-01T00:00:00-03:00,238.371904761905
1984-06-01,1984,1,6,GM12_NASDAQ12,1984-06-01T00:00:00-03:00,238.371904761905
1984-07-01,1984,1,7,GM12_NASDAQ12,1984-07-01T00:00:00-03:00,232.40380952381
1984-07-01,1984,1,7,GM12_NASDAQ12,1984-07-01T00:00:00-03:00,232.40380952381
1984-08-01,1984,1,8,GM12_NASDAQ12,1984-08-01T00:00:00-03:00,250.346086956522
1984-08-01,1984,1,8,GM12_NASDAQ12,1984-08-01T00:00:00-03:00,250.346086956522
1984-09-01,1984,1,9,GM12_NASDAQ12,1984-09-01T00:00:00-03:00,252.004736842105
1984-09-01,1984,1,9,GM12_NASDAQ12,1984-09-01T00:00:00-03:00,252.004736842105
1984-10-01,1984,1,10,GM12_NASDAQ12,1984-10-01T00:00:00-03:00,247.153913043478
1984-10-01,1984,1,10,GM12_NASDAQ12,1984-10-01T00:00:00-03:00,247.153913043478
1984-11-01,1984,1,11,GM12_NASDAQ12,1984-11-01T00:00:00-03:00,246.398095238095
1984-11-01,1984,1,11,GM12_NASDAQ12,1984-11-01T00:00:00-03:00,246.398095238095
1984-12-01,1984,1,12,GM12_NASDAQ12,1984-12-01T00:00:00-02:00,241.912
1984-12-01,1984,1,12,GM12_NASDAQ12,1984-12-01T00:00:00-02:00,241.912
1985-01-01,1985,1,1,GM12_NASDAQ12,1985-01-01T00:00:00-02:00,260.852727272727
1985-01-01,1985,1,1,GM12_NASDAQ12,1985-01-01T00:00:00-02:00,260.852727272727
1985-02-01,1985,1,2,GM12_NASDAQ12,1985-02-01T00:00:00-02:00,285.521052631579
1985-02-01,1985,1,2,GM12_NASDAQ12,1985-02-01T00:00:00-02:00,285.521052631579
1985-03-01,1985,1,3,GM12_NASDAQ12,1985-03-01T00:00:00-03:00,280.412857142857
1985-03-01,1985,1,3,GM12_NASDAQ12,1985-03-01T00:00:00-03:00,280.412857142857
1985-04-01,1985,1,4,GM12_NASDAQ12,1985-04-01T00:00:00-03:00,280.894761904762
1985-04-01,1985,1,4,GM12_NASDAQ12,1985-04-01T00:00:00-03:00,280.894761904762
1985-05-01,1985,1,5,GM12_NASDAQ12,1985-05-01T00:00:00-03:00,287.505909090909
1985-05-01,1985,1,5,GM12_NASDAQ12,1985-05-01T00:00:00-03:00,287.505909090909
1985-06-01,1985,1,6,GM12_NASDAQ12,1985-06-01T00:00:00-03:00,290.4375
1985-06-01,1985,1,6,GM12_NASDAQ12,1985-06-01T00:00:00-03:00,290.4375
1985-07-01,1985,1,7,GM12_NASDAQ12,1985-07-01T00:00:00-03:00,302.042727272727
1985-07-01,1985,1,7,GM12_NASDAQ12,1985-07-01T00:00:00-03:00,302.042727272727
1985-08-01,1985,1,8,GM12_NASDAQ12,1985-08-01T00:00:00-03:00,298.247272727273
1985-08-01,1985,1,8,GM12_NASDAQ12,1985-08-01T00:00:00-03:00,298.247272727273
1985-09-01,1985,1,9,GM12_NASDAQ12,1985-09-01T00:00:00-03:00,287.537
1985-09-01,1985,1,9,GM12_NASDAQ12,1985-09-01T00:00:00-03:00,287.537
1985-10-01,1985,1,10,GM12_NASDAQ12,1985-10-01T00:00:00-03:00,285.356956521739
1985-10-01,1985,1,10,GM12_NASDAQ12,1985-10-01T00:00:00-03:00,285.356956521739
1985-11-01,1985,1,11,GM12_NASDAQ12,1985-11-01T00:00:00-03:00,304.3515
1985-11-01,1985,1,11,GM12_NASDAQ12,1985-11-01T00:00:00-03:00,304.3515
1985-12-01,1985,1,12,GM12_NASDAQ12,1985-12-01T00:00:00-02:00,320.24619047619
1985-12-01,1985,1,12,GM12_NASDAQ12,1985-12-01T00:00:00-02:00,320.24619047619
1986-01-01,1986,1,1,GM12_NASDAQ12,1986-01-01T00:00:00-02:00,328.525454545455
1986-01-01,1986,1,1,GM12_NASDAQ12,1986-01-01T00:00:00-02:00,328.525454545455
1986-02-01,1986,1,2,GM12_NASDAQ12,1986-02-01T00:00:00-02:00,348.784210526316
1986-02-01,1986,1,2,GM12_NASDAQ12,1986-02-01T00:00:00-02:00,348.784210526316
1986-03-01,1986,1,3,GM12_NASDAQ12,1986-03-01T00:00:00-03:00,368.232
1986-03-01,1986,1,3,GM12_NASDAQ12,1986-03-01T00:00:00-03:00,368.232
1986-04-01,1986,1,4,GM12_NASDAQ12,1986-04-01T00:00:00-03:00,382.541363636364
1986-04-01,1986,1,4,GM12_NASDAQ12,1986-04-01T00:00:00-03:00,382.541363636364
1986-05-01,1986,1,5,GM12_NASDAQ12,1986-05-01T00:00:00-03:00,388.486666666667
1986-05-01,1986,1,5,GM12_NASDAQ12,1986-05-01T00:00:00-03:00,388.486666666667
1986-06-01,1986,1,6,GM12_NASDAQ12,1986-06-01T00:00:00-03:00,398.595238095238
1986-06-01,1986,1,6,GM12_NASDAQ12,1986-06-01T00:00:00-03:00,398.595238095238
1986-07-01,1986,1,7,GM12_NASDAQ12,1986-07-01T00:00:00-03:00,385.885454545455
1986-07-01,1986,1,7,GM12_NASDAQ12,1986-07-01T00:00:00-03:00,385.885454545455
1986-08-01,1986,1,8,GM12_NASDAQ12,1986-08-01T00:00:00-03:00,375.617142857143
1986-08-01,1986,1,8,GM12_NASDAQ12,1986-08-01T00:00:00-03:00,375.617142857143
1986-09-01,1986,1,9,GM12_NASDAQ12,1986-09-01T00:00:00-03:00,358.256666666667
1986-09-01,1986,1,9,GM12_NASDAQ12,1986-09-01T00:00:00-03:00,358.256666666667
1986-10-01,1986,1,10,GM12_NASDAQ12,1986-10-01T00:00:00-03:00,355.031304347826
1986-10-01,1986,1,10,GM12_NASDAQ12,1986-10-01T00:00:00-03:00,355.031304347826
1986-11-01,1986,1,11,GM12_NASDAQ12,1986-11-01T00:00:00-03:00,358.078421052632
1986-11-01,1986,1,11,GM12_NASDAQ12,1986-11-01T00:00:00-03:00,358.078421052632
1986-12-01,1986,1,12,GM12_NASDAQ12,1986-12-01T00:00:00-02:00,354.921363636364
1986-12-01,1986,1,12,GM12_NASDAQ12,1986-12-01T00:00:00-02:00,354.921363636364
1987-01-01,1987,1,1,GM12_NASDAQ12,1987-01-01T00:00:00-02:00,384.227142857143
1987-01-01,1987,1,1,GM12_NASDAQ12,1987-01-01T00:00:00-02:00,384.227142857143
1987-02-01,1987,1,2,GM12_NASDAQ12,1987-02-01T00:00:00-02:00,411.712631578947
1987-02-01,1987,1,2,GM12_NASDAQ12,1987-02-01T00:00:00-02:00,411.712631578947
1987-03-01,1987,1,3,GM12_NASDAQ12,1987-03-01T00:00:00-03:00,432.204545454545
1987-03-01,1987,1,3,GM12_NASDAQ12,1987-03-01T00:00:00-03:00,432.204545454545
1987-04-01,1987,1,4,GM12_NASDAQ12,1987-04-01T00:00:00-03:00,422.771428571429
1987-04-01,1987,1,4,GM12_NASDAQ12,1987-04-01T00:00:00-03:00,422.771428571429
1987-05-01,1987,1,5,GM12_NASDAQ12,1987-05-01T00:00:00-03:00,416.634
1987-05-01,1987,1,5,GM12_NASDAQ12,1987-05-01T00:00:00-03:00,416.634
1987-06-01,1987,1,6,GM12_NASDAQ12,1987-06-01T00:00:00-03:00,423.695909090909
1987-06-01,1987,1,6,GM12_NASDAQ12,1987-06-01T00:00:00-03:00,423.695909090909
1987-07-01,1987,1,7,GM12_NASDAQ12,1987-07-01T00:00:00-03:00,429.006818181818
1987-07-01,1987,1,7,GM12_NASDAQ12,1987-07-01T00:00:00-03:00,429.006818181818
1987-08-01,1987,1,8,GM12_NASDAQ12,1987-08-01T00:00:00-03:00,448.384285714286
1987-08-01,1987,1,8,GM12_NASDAQ12,1987-08-01T00:00:00-03:00,448.384285714286
1987-09-01,1987,1,9,GM12_NASDAQ12,1987-09-01T00:00:00-03:00,442.798571428571
1987-09-01,1987,1,9,GM12_NASDAQ12,1987-09-01T00:00:00-03:00,442.798571428571
1987-10-01,1987,1,10,GM12_NASDAQ12,1987-10-01T00:00:00-03:00,385.053636363636
1987-10-01,1987,1,10,GM12_NASDAQ12,1987-10-01T00:00:00-03:00,385.053636363636
1987-11-01,1987,1,11,GM12_NASDAQ12,1987-11-01T00:00:00-03:00,318.753
1987-11-01,1987,1,11,GM12_NASDAQ12,1987-11-01T00:00:00-03:00,318.753
1987-12-01,1987,1,12,GM12_NASDAQ12,1987-12-01T00:00:00-02:00,314.538181818182
1987-12-01,1987,1,12,GM12_NASDAQ12,1987-12-01T00:00:00-02:00,314.538181818182
1988-01-01,1988,1,1,GM12_NASDAQ12,1988-01-01T00:00:00-02:00,339.279
1988-01-01,1988,1,1,GM12_NASDAQ12,1988-01-01T00:00:00-02:00,339.279
1988-02-01,1988,1,2,GM12_NASDAQ12,1988-02-01T00:00:00-02:00,353.5785
1988-02-01,1988,1,2,GM12_NASDAQ12,1988-02-01T00:00:00-02:00,353.5785
1988-03-01,1988,1,3,GM12_NASDAQ12,1988-03-01T00:00:00-03:00,375.542608695652
1988-03-01,1988,1,3,GM12_NASDAQ12,1988-03-01T00:00:00-03:00,375.542608695652
1988-04-01,1988,1,4,GM12_NASDAQ12,1988-04-01T00:00:00-03:00,377.2355
1988-04-01,1988,1,4,GM12_NASDAQ12,1988-04-01T00:00:00-03:00,377.2355
1988-05-01,1988,1,5,GM12_NASDAQ12,1988-05-01T00:00:00-03:00,371.880476190476
1988-05-01,1988,1,5,GM12_NASDAQ12,1988-05-01T00:00:00-03:00,371.880476190476
1988-06-01,1988,1,6,GM12_NASDAQ12,1988-06-01T00:00:00-03:00,385.981363636364
1988-06-01,1988,1,6,GM12_NASDAQ12,1988-06-01T00:00:00-03:00,385.981363636364
1988-07-01,1988,1,7,GM12_NASDAQ12,1988-07-01T00:00:00-03:00,391.4015
1988-07-01,1988,1,7,GM12_NASDAQ12,1988-07-01T00:00:00-03:00,391.4015
1988-08-01,1988,1,8,GM12_NASDAQ12,1988-08-01T00:00:00-03:00,379.60652173913
1988-08-01,1988,1,8,GM12_NASDAQ12,1988-08-01T00:00:00-03:00,379.60652173913
1988-09-01,1988,1,9,GM12_NASDAQ12,1988-09-01T00:00:00-03:00,382.156666666667
1988-09-01,1988,1,9,GM12_NASDAQ12,1988-09-01T00:00:00-03:00,382.156666666667
1988-10-01,1988,1,10,GM12_NASDAQ12,1988-10-01T00:00:00-03:00,385.008571428571
1988-10-01,1988,1,10,GM12_NASDAQ12,1988-10-01T00:00:00-03:00,385.008571428571
1988-11-01,1988,1,11,GM12_NASDAQ12,1988-11-01T00:00:00-03:00,372.890952380952
1988-11-01,1988,1,11,GM12_NASDAQ12,1988-11-01T00:00:00-03:00,372.890952380952
1988-12-01,1988,1,12,GM12_NASDAQ12,1988-12-01T00:00:00-02:00,375.782857142857
1988-12-01,1988,1,12,GM12_NASDAQ12,1988-12-01T00:00:00-02:00,375.782857142857
1989-01-01,1989,1,1,GM12_NASDAQ12,1989-01-01T00:00:00-02:00,389.319523809524
1989-01-01,1989,1,1,GM12_NASDAQ12,1989-01-01T00:00:00-02:00,389.319523809524
1989-02-01,1989,1,2,GM12_NASDAQ12,1989-02-01T00:00:00-02:00,404.082631578947
1989-02-01,1989,1,2,GM12_NASDAQ12,1989-02-01T00:00:00-02:00,404.082631578947
1989-03-01,1989,1,3,GM12_NASDAQ12,1989-03-01T00:00:00-03:00,403.995
1989-03-01,1989,1,3,GM12_NASDAQ12,1989-03-01T00:00:00-03:00,403.995
1989-04-01,1989,1,4,GM12_NASDAQ12,1989-04-01T00:00:00-03:00,417.13
1989-04-01,1989,1,4,GM12_NASDAQ12,1989-04-01T00:00:00-03:00,417.13
1989-05-01,1989,1,5,GM12_NASDAQ12,1989-05-01T00:00:00-03:00,435.993181818182
1989-05-01,1989,1,5,GM12_NASDAQ12,1989-05-01T00:00:00-03:00,435.993181818182
1989-06-01,1989,1,6,GM12_NASDAQ12,1989-06-01T00:00:00-03:00,447.627727272727
1989-06-01,1989,1,6,GM12_NASDAQ12,1989-06-01T00:00:00-03:00,447.627727272727
1989-07-01,1989,1,7,GM12_NASDAQ12,1989-07-01T00:00:00-03:00,446.6965
1989-07-01,1989,1,7,GM12_NASDAQ12,1989-07-01T00:00:00-03:00,446.6965
1989-08-01,1989,1,8,GM12_NASDAQ12,1989-08-01T00:00:00-03:00,461.827826086957
1989-08-01,1989,1,8,GM12_NASDAQ12,1989-08-01T00:00:00-03:00,461.827826086957
1989-09-01,1989,1,9,GM12_NASDAQ12,1989-09-01T00:00:00-03:00,469.2785
1989-09-01,1989,1,9,GM12_NASDAQ12,1989-09-01T00:00:00-03:00,469.2785
1989-10-01,1989,1,10,GM12_NASDAQ12,1989-10-01T00:00:00-03:00,469.680909090909
1989-10-01,1989,1,10,GM12_NASDAQ12,1989-10-01T00:00:00-03:00,469.680909090909
1989-11-01,1989,1,11,GM12_NASDAQ12,1989-11-01T00:00:00-03:00,454.697142857143
1989-11-01,1989,1,11,GM12_NASDAQ12,1989-11-01T00:00:00-03:00,454.697142857143
1989-12-01,1989,1,12,GM12_NASDAQ12,1989-12-01T00:00:00-02:00,449.0145
1989-12-01,1989,1,12,GM12_NASDAQ12,1989-12-01T00:00:00-02:00,449.0145
1990-01-01,1990,1,1,GM12_NASDAQ12,1990-01-01T00:00:00-02:00,439.350454545455
1990-01-01,1990,1,1,GM12_NASDAQ12,1990-01-01T00:00:00-02:00,439.350454545455
1990-02-01,1990,1,2,GM12_NASDAQ12,1990-02-01T00:00:00-02:00,424.524210526316
1990-02-01,1990,1,2,GM12_NASDAQ12,1990-02-01T00:00:00-02:00,424.524210526316
1990-03-01,1990,1,3,GM12_NASDAQ12,1990-03-01T00:00:00-03:00,436.090454545455
1990-03-01,1990,1,3,GM12_NASDAQ12,1990-03-01T00:00:00-03:00,436.090454545455
1990-04-01,1990,1,4,GM12_NASDAQ12,1990-04-01T00:00:00-03:00,428.993
1990-04-01,1990,1,4,GM12_NASDAQ12,1990-04-01T00:00:00-03:00,428.993
1990-05-01,1990,1,5,GM12_NASDAQ12,1990-05-01T00:00:00-03:00,442.598181818182
1990-05-01,1990,1,5,GM12_NASDAQ12,1990-05-01T00:00:00-03:00,442.598181818182
1990-06-01,1990,1,6,GM12_NASDAQ12,1990-06-01T00:00:00-03:00,462.30619047619
1990-06-01,1990,1,6,GM12_NASDAQ12,1990-06-01T00:00:00-03:00,462.30619047619
1990-07-01,1990,1,7,GM12_NASDAQ12,1990-07-01T00:00:00-03:00,455.824285714286
1990-07-01,1990,1,7,GM12_NASDAQ12,1990-07-01T00:00:00-03:00,455.824285714286
1990-08-01,1990,1,8,GM12_NASDAQ12,1990-08-01T00:00:00-03:00,396.322608695652
1990-08-01,1990,1,8,GM12_NASDAQ12,1990-08-01T00:00:00-03:00,396.322608695652
1990-09-01,1990,1,9,GM12_NASDAQ12,1990-09-01T00:00:00-03:00,368.581578947368
1990-09-01,1990,1,9,GM12_NASDAQ12,1990-09-01T00:00:00-03:00,368.581578947368
1990-10-01,1990,1,10,GM12_NASDAQ12,1990-10-01T00:00:00-03:00,338.01347826087
1990-10-01,1990,1,10,GM12_NASDAQ12,1990-10-01T00:00:00-03:00,338.01347826087
1990-11-01,1990,1,11,GM12_NASDAQ12,1990-11-01T00:00:00-03:00,347.694285714286
1990-11-01,1990,1,11,GM12_NASDAQ12,1990-11-01T00:00:00-03:00,347.694285714286
1990-12-01,1990,1,12,GM12_NASDAQ12,1990-12-01T00:00:00-02:00,370.1525
1990-12-01,1990,1,12,GM12_NASDAQ12,1990-12-01T00:00:00-02:00,370.1525
1991-01-01,1991,1,1,GM12_NASDAQ12,1991-01-01T00:00:00-02:00,376.681363636364
1991-01-01,1991,1,1,GM12_NASDAQ12,1991-01-01T00:00:00-02:00,376.681363636364
1991-02-01,1991,1,2,GM12_NASDAQ12,1991-02-01T00:00:00-02:00,442.586842105263
1991-02-01,1991,1,2,GM12_NASDAQ12,1991-02-01T00:00:00-02:00,442.586842105263
1991-03-01,1991,1,3,GM12_NASDAQ12,1991-03-01T00:00:00-03:00,469.101
1991-03-01,1991,1,3,GM12_NASDAQ12,1991-03-01T00:00:00-03:00,469.101
1991-04-01,1991,1,4,GM12_NASDAQ12,1991-04-01T00:00:00-03:00,496.319090909091
1991-04-01,1991,1,4,GM12_NASDAQ12,1991-04-01T00:00:00-03:00,496.319090909091
1991-05-01,1991,1,5,GM12_NASDAQ12,1991-05-01T00:00:00-03:00,490.933636363636
1991-05-01,1991,1,5,GM12_NASDAQ12,1991-05-01T00:00:00-03:00,490.933636363636
1991-06-01,1991,1,6,GM12_NASDAQ12,1991-06-01T00:00:00-03:00,490.375
1991-06-01,1991,1,6,GM12_NASDAQ12,1991-06-01T00:00:00-03:00,490.375
1991-07-01,1991,1,7,GM12_NASDAQ12,1991-07-01T00:00:00-03:00,489.343636363636
1991-07-01,1991,1,7,GM12_NASDAQ12,1991-07-01T00:00:00-03:00,489.343636363636
1991-08-01,1991,1,8,GM12_NASDAQ12,1991-08-01T00:00:00-03:00,513.250909090909
1991-08-01,1991,1,8,GM12_NASDAQ12,1991-08-01T00:00:00-03:00,513.250909090909
1991-09-01,1991,1,9,GM12_NASDAQ12,1991-09-01T00:00:00-03:00,520.5595
1991-09-01,1991,1,9,GM12_NASDAQ12,1991-09-01T00:00:00-03:00,520.5595
1991-10-01,1991,1,10,GM12_NASDAQ12,1991-10-01T00:00:00-03:00,528.923913043478
1991-10-01,1991,1,10,GM12_NASDAQ12,1991-10-01T00:00:00-03:00,528.923913043478
1991-11-01,1991,1,11,GM12_NASDAQ12,1991-11-01T00:00:00-03:00,536.5835
1991-11-01,1991,1,11,GM12_NASDAQ12,1991-11-01T00:00:00-03:00,536.5835
1991-12-01,1991,1,12,GM12_NASDAQ12,1991-12-01T00:00:00-02:00,544.100952380952
1991-12-01,1991,1,12,GM12_NASDAQ12,1991-12-01T00:00:00-02:00,544.100952380952
1992-01-01,1992,1,1,GM12_NASDAQ12,1992-01-01T00:00:00-02:00,615.734090909091
1992-01-01,1992,1,1,GM12_NASDAQ12,1992-01-01T00:00:00-02:00,615.734090909091
1992-02-01,1992,1,2,GM12_NASDAQ12,1992-02-01T00:00:00-02:00,632.048421052632
1992-02-01,1992,1,2,GM12_NASDAQ12,1992-02-01T00:00:00-02:00,632.048421052632
1992-03-01,1992,1,3,GM12_NASDAQ12,1992-03-01T00:00:00-03:00,619.599090909091
1992-03-01,1992,1,3,GM12_NASDAQ12,1992-03-01T00:00:00-03:00,619.599090909091
1992-04-01,1992,1,4,GM12_NASDAQ12,1992-04-01T00:00:00-03:00,582.790476190476
1992-04-01,1992,1,4,GM12_NASDAQ12,1992-04-01T00:00:00-03:00,582.790476190476
1992-05-01,1992,1,5,GM12_NASDAQ12,1992-05-01T00:00:00-03:00,581.473
1992-05-01,1992,1,5,GM12_NASDAQ12,1992-05-01T00:00:00-03:00,581.473
1992-06-01,1992,1,6,GM12_NASDAQ12,1992-06-01T00:00:00-03:00,566.659090909091
1992-06-01,1992,1,6,GM12_NASDAQ12,1992-06-01T00:00:00-03:00,566.659090909091
1992-07-01,1992,1,7,GM12_NASDAQ12,1992-07-01T00:00:00-03:00,568.716818181818
1992-07-01,1992,1,7,GM12_NASDAQ12,1992-07-01T00:00:00-03:00,568.716818181818
1992-08-01,1992,1,8,GM12_NASDAQ12,1992-08-01T00:00:00-03:00,568.997619047619
1992-08-01,1992,1,8,GM12_NASDAQ12,1992-08-01T00:00:00-03:00,568.997619047619
1992-09-01,1992,1,9,GM12_NASDAQ12,1992-09-01T00:00:00-03:00,580.679047619048
1992-09-01,1992,1,9,GM12_NASDAQ12,1992-09-01T00:00:00-03:00,580.679047619048
1992-10-01,1992,1,10,GM12_NASDAQ12,1992-10-01T00:00:00-03:00,585.011818181818
1992-10-01,1992,1,10,GM12_NASDAQ12,1992-10-01T00:00:00-03:00,585.011818181818
1992-11-01,1992,1,11,GM12_NASDAQ12,1992-11-01T00:00:00-03:00,630.8635
1992-11-01,1992,1,11,GM12_NASDAQ12,1992-11-01T00:00:00-03:00,630.8635
1992-12-01,1992,1,12,GM12_NASDAQ12,1992-12-01T00:00:00-02:00,661.280454545455
1992-12-01,1992,1,12,GM12_NASDAQ12,1992-12-01T00:00:00-02:00,661.280454545455
1993-01-01,1993,1,1,GM12_NASDAQ12,1993-01-01T00:00:00-02:00,691.1345
1993-01-01,1993,1,1,GM12_NASDAQ12,1993-01-01T00:00:00-02:00,691.1345
1993-02-01,1993,1,2,GM12_NASDAQ12,1993-02-01T00:00:00-02:00,681.708947368421
1993-02-01,1993,1,2,GM12_NASDAQ12,1993-02-01T00:00:00-02:00,681.708947368421
1993-03-01,1993,1,3,GM12_NASDAQ12,1993-03-01T00:00:00-03:00,684.490869565217
1993-03-01,1993,1,3,GM12_NASDAQ12,1993-03-01T00:00:00-03:00,684.490869565217
1993-04-01,1993,1,4,GM12_NASDAQ12,1993-04-01T00:00:00-03:00,665.329523809524
1993-04-01,1993,1,4,GM12_NASDAQ12,1993-04-01T00:00:00-03:00,665.329523809524
1993-05-01,1993,1,5,GM12_NASDAQ12,1993-05-01T00:00:00-03:00,686.451
1993-05-01,1993,1,5,GM12_NASDAQ12,1993-05-01T00:00:00-03:00,686.451
1993-06-01,1993,1,6,GM12_NASDAQ12,1993-06-01T00:00:00-03:00,695.382727272727
1993-06-01,1993,1,6,GM12_NASDAQ12,1993-06-01T00:00:00-03:00,695.382727272727
1993-07-01,1993,1,7,GM12_NASDAQ12,1993-07-01T00:00:00-03:00,703.395238095238
1993-07-01,1993,1,7,GM12_NASDAQ12,1993-07-01T00:00:00-03:00,703.395238095238
1993-08-01,1993,1,8,GM12_NASDAQ12,1993-08-01T00:00:00-03:00,725.148636363636
1993-08-01,1993,1,8,GM12_NASDAQ12,1993-08-01T00:00:00-03:00,725.148636363636
1993-09-01,1993,1,9,GM12_NASDAQ12,1993-09-01T00:00:00-03:00,745.943333333333
1993-09-01,1993,1,9,GM12_NASDAQ12,1993-09-01T00:00:00-03:00,745.943333333333
1993-10-01,1993,1,10,GM12_NASDAQ12,1993-10-01T00:00:00-03:00,771.307142857143
1993-10-01,1993,1,10,GM12_NASDAQ12,1993-10-01T00:00:00-03:00,771.307142857143
1993-11-01,1993,1,11,GM12_NASDAQ12,1993-11-01T00:00:00-03:00,764.038571428571
1993-11-01,1993,1,11,GM12_NASDAQ12,1993-11-01T00:00:00-03:00,764.038571428571
1993-12-01,1993,1,12,GM12_NASDAQ12,1993-12-01T00:00:00-02:00,762.944090909091
1993-12-01,1993,1,12,GM12_NASDAQ12,1993-12-01T00:00:00-02:00,762.944090909091
1994-01-01,1994,1,1,GM12_NASDAQ12,1994-01-01T00:00:00-02:00,787.769047619048
1994-01-01,1994,1,1,GM12_NASDAQ12,1994-01-01T00:00:00-02:00,787.769047619048
1994-02-01,1994,1,2,GM12_NASDAQ12,1994-02-01T00:00:00-02:00,787.798947368421
1994-02-01,1994,1,2,GM12_NASDAQ12,1994-02-01T00:00:00-02:00,787.798947368421
1994-03-01,1994,1,3,GM12_NASDAQ12,1994-03-01T00:00:00-03:00,785.925217391304
1994-03-01,1994,1,3,GM12_NASDAQ12,1994-03-01T00:00:00-03:00,785.925217391304
1994-04-01,1994,1,4,GM12_NASDAQ12,1994-04-01T00:00:00-03:00,732.295263157895
1994-04-01,1994,1,4,GM12_NASDAQ12,1994-04-01T00:00:00-03:00,732.295263157895
1994-05-01,1994,1,5,GM12_NASDAQ12,1994-05-01T00:00:00-03:00,727.764285714286
1994-05-01,1994,1,5,GM12_NASDAQ12,1994-05-01T00:00:00-03:00,727.764285714286
1994-06-01,1994,1,6,GM12_NASDAQ12,1994-06-01T00:00:00-03:00,723.209545454545
1994-06-01,1994,1,6,GM12_NASDAQ12,1994-06-01T00:00:00-03:00,723.209545454545
1994-07-01,1994,1,7,GM12_NASDAQ12,1994-07-01T00:00:00-03:00,713.49
1994-07-01,1994,1,7,GM12_NASDAQ12,1994-07-01T00:00:00-03:00,713.49
1994-08-01,1994,1,8,GM12_NASDAQ12,1994-08-01T00:00:00-03:00,738.867826086956
1994-08-01,1994,1,8,GM12_NASDAQ12,1994-08-01T00:00:00-03:00,738.867826086956
1994-09-01,1994,1,9,GM12_NASDAQ12,1994-09-01T00:00:00-03:00,763.938095238095
1994-09-01,1994,1,9,GM12_NASDAQ12,1994-09-01T00:00:00-03:00,763.938095238095
1994-10-01,1994,1,10,GM12_NASDAQ12,1994-10-01T00:00:00-03:00,762.457619047619
1994-10-01,1994,1,10,GM12_NASDAQ12,1994-10-01T00:00:00-03:00,762.457619047619
1994-11-01,1994,1,11,GM12_NASDAQ12,1994-11-01T00:00:00-03:00,760.419047619048
1994-11-01,1994,1,11,GM12_NASDAQ12,1994-11-01T00:00:00-03:00,760.419047619048
1994-12-01,1994,1,12,GM12_NASDAQ12,1994-12-01T00:00:00-02:00,734.990952380953
1994-12-01,1994,1,12,GM12_NASDAQ12,1994-12-01T00:00:00-02:00,734.990952380953
1995-01-01,1995,1,1,GM12_NASDAQ12,1995-01-01T00:00:00-02:00,758.012380952381
1995-01-01,1995,1,1,GM12_NASDAQ12,1995-01-01T00:00:00-02:00,758.012380952381
1995-02-01,1995,1,2,GM12_NASDAQ12,1995-02-01T00:00:00-02:00,784.243684210526
1995-02-01,1995,1,2,GM12_NASDAQ12,1995-02-01T00:00:00-02:00,784.243684210526
1995-03-01,1995,1,3,GM12_NASDAQ12,1995-03-01T00:00:00-03:00,807.162173913043
1995-03-01,1995,1,3,GM12_NASDAQ12,1995-03-01T00:00:00-03:00,807.162173913043
1995-04-01,1995,1,4,GM12_NASDAQ12,1995-04-01T00:00:00-03:00,825.341578947368
1995-04-01,1995,1,4,GM12_NASDAQ12,1995-04-01T00:00:00-03:00,825.341578947368
1995-05-01,1995,1,5,GM12_NASDAQ12,1995-05-01T00:00:00-03:00,859.759090909091
1995-05-01,1995,1,5,GM12_NASDAQ12,1995-05-01T00:00:00-03:00,859.759090909091
1995-06-01,1995,1,6,GM12_NASDAQ12,1995-06-01T00:00:00-03:00,906.035454545455
1995-06-01,1995,1,6,GM12_NASDAQ12,1995-06-01T00:00:00-03:00,906.035454545455
1995-07-01,1995,1,7,GM12_NASDAQ12,1995-07-01T00:00:00-03:00,979.362
1995-07-01,1995,1,7,GM12_NASDAQ12,1995-07-01T00:00:00-03:00,979.362
1995-08-01,1995,1,8,GM12_NASDAQ12,1995-08-01T00:00:00-03:00,1009.58608695652
1995-08-01,1995,1,8,GM12_NASDAQ12,1995-08-01T00:00:00-03:00,1009.58608695652
1995-09-01,1995,1,9,GM12_NASDAQ12,1995-09-01T00:00:00-03:00,1051.0
1995-09-01,1995,1,9,GM12_NASDAQ12,1995-09-01T00:00:00-03:00,1051.0
1995-10-01,1995,1,10,GM12_NASDAQ12,1995-10-01T00:00:00-03:00,1022.13318181818
1995-10-01,1995,1,10,GM12_NASDAQ12,1995-10-01T00:00:00-03:00,1022.13318181818
1995-11-01,1995,1,11,GM12_NASDAQ12,1995-11-01T00:00:00-03:00,1046.63666666667
1995-11-01,1995,1,11,GM12_NASDAQ12,1995-11-01T00:00:00-03:00,1046.63666666667
1995-12-01,1995,1,12,GM12_NASDAQ12,1995-12-01T00:00:00-02:00,1047.035
1995-12-01,1995,1,12,GM12_NASDAQ12,1995-12-01T00:00:00-02:00,1047.035
1996-01-01,1996,1,1,GM12_NASDAQ12,1996-01-01T00:00:00-02:00,1024.94545454545
1996-01-01,1996,1,1,GM12_NASDAQ12,1996-01-01T00:00:00-02:00,1024.94545454545
1996-02-01,1996,1,2,GM12_NASDAQ12,1996-02-01T00:00:00-02:00,1094.0165
1996-02-01,1996,1,2,GM12_NASDAQ12,1996-02-01T00:00:00-02:00,1094.0165
1996-03-01,1996,1,3,GM12_NASDAQ12,1996-03-01T00:00:00-03:00,1092.64714285714
1996-03-01,1996,1,3,GM12_NASDAQ12,1996-03-01T00:00:00-03:00,1092.64714285714
1996-04-01,1996,1,4,GM12_NASDAQ12,1996-04-01T00:00:00-03:00,1135.6280952381
1996-04-01,1996,1,4,GM12_NASDAQ12,1996-04-01T00:00:00-03:00,1135.6280952381
1996-05-01,1996,1,5,GM12_NASDAQ12,1996-05-01T00:00:00-03:00,1220.54045454545
1996-05-01,1996,1,5,GM12_NASDAQ12,1996-05-01T00:00:00-03:00,1220.54045454545
1996-06-01,1996,1,6,GM12_NASDAQ12,1996-06-01T00:00:00-03:00,1205.1155
1996-06-01,1996,1,6,GM12_NASDAQ12,1996-06-01T00:00:00-03:00,1205.1155
1996-07-01,1996,1,7,GM12_NASDAQ12,1996-07-01T00:00:00-03:00,1105.61272727273
1996-07-01,1996,1,7,GM12_NASDAQ12,1996-07-01T00:00:00-03:00,1105.61272727273
1996-08-01,1996,1,8,GM12_NASDAQ12,1996-08-01T00:00:00-03:00,1134.24590909091
1996-08-01,1996,1,8,GM12_NASDAQ12,1996-08-01T00:00:00-03:00,1134.24590909091
1996-09-01,1996,1,9,GM12_NASDAQ12,1996-09-01T00:00:00-03:00,1186.442
1996-09-01,1996,1,9,GM12_NASDAQ12,1996-09-01T00:00:00-03:00,1186.442
1996-10-01,1996,1,10,GM12_NASDAQ12,1996-10-01T00:00:00-03:00,1234.12913043478
1996-10-01,1996,1,10,GM12_NASDAQ12,1996-10-01T00:00:00-03:00,1234.12913043478
1996-11-01,1996,1,11,GM12_NASDAQ12,1996-11-01T00:00:00-03:00,1259.8315
1996-11-01,1996,1,11,GM12_NASDAQ12,1996-11-01T00:00:00-03:00,1259.8315
1996-12-01,1996,1,12,GM12_NASDAQ12,1996-12-01T00:00:00-02:00,1292.15095238095
1996-12-01,1996,1,12,GM12_NASDAQ12,1996-12-01T00:00:00-02:00,1292.15095238095
1997-01-01,1997,1,1,GM12_NASDAQ12,1997-01-01T00:00:00-02:00,1345.42
1997-01-01,1997,1,1,GM12_NASDAQ12,1997-01-01T00:00:00-02:00,1345.42
1997-02-01,1997,1,2,GM12_NASDAQ12,1997-02-01T00:00:00-02:00,1349.17
1997-02-01,1997,1,2,GM12_NASDAQ12,1997-02-01T00:00:00-02:00,1349.17
1997-03-01,1997,1,3,GM12_NASDAQ12,1997-03-01T00:00:00-03:00,1282.8555
1997-03-01,1997,1,3,GM12_NASDAQ12,1997-03-01T00:00:00-03:00,1282.8555
1997-04-01,1997,1,4,GM12_NASDAQ12,1997-04-01T00:00:00-03:00,1225.01590909091
1997-04-01,1997,1,4,GM12_NASDAQ12,1997-04-01T00:00:00-03:00,1225.01590909091
1997-05-01,1997,1,5,GM12_NASDAQ12,1997-05-01T00:00:00-03:00,1352.55904761905
1997-05-01,1997,1,5,GM12_NASDAQ12,1997-05-01T00:00:00-03:00,1352.55904761905
1997-06-01,1997,1,6,GM12_NASDAQ12,1997-06-01T00:00:00-03:00,1422.45285714286
1997-06-01,1997,1,6,GM12_NASDAQ12,1997-06-01T00:00:00-03:00,1422.45285714286
1997-07-01,1997,1,7,GM12_NASDAQ12,1997-07-01T00:00:00-03:00,1531.14136363636
1997-07-01,1997,1,7,GM12_NASDAQ12,1997-07-01T00:00:00-03:00,1531.14136363636
1997-08-01,1997,1,8,GM12_NASDAQ12,1997-08-01T00:00:00-03:00,1596.7419047619
1997-08-01,1997,1,8,GM12_NASDAQ12,1997-08-01T00:00:00-03:00,1596.7419047619
1997-09-01,1997,1,9,GM12_NASDAQ12,1997-09-01T00:00:00-03:00,1660.14904761905
1997-09-01,1997,1,9,GM12_NASDAQ12,1997-09-01T00:00:00-03:00,1660.14904761905
1997-10-01,1997,1,10,GM12_NASDAQ12,1997-10-01T00:00:00-03:00,1682.2747826087
1997-10-01,1997,1,10,GM12_NASDAQ12,1997-10-01T00:00:00-03:00,1682.2747826087
1997-11-01,1997,1,11,GM12_NASDAQ12,1997-11-01T00:00:00-03:00,1600.97473684211
1997-11-01,1997,1,11,GM12_NASDAQ12,1997-11-01T00:00:00-03:00,1600.97473684211
1997-12-01,1997,1,12,GM12_NASDAQ12,1997-12-01T00:00:00-02:00,1566.99681818182
1997-12-01,1997,1,12,GM12_NASDAQ12,1997-12-01T00:00:00-02:00,1566.99681818182
1998-01-01,1998,1,1,GM12_NASDAQ12,1998-01-01T00:00:00-02:00,1570.2345
1998-01-01,1998,1,1,GM12_NASDAQ12,1998-01-01T00:00:00-02:00,1570.2345
1998-02-01,1998,1,2,GM12_NASDAQ12,1998-02-01T00:00:00-02:00,1712.70263157895
1998-02-01,1998,1,2,GM12_NASDAQ12,1998-02-01T00:00:00-02:00,1712.70263157895
1998-03-01,1998,1,3,GM12_NASDAQ12,1998-03-01T00:00:00-03:00,1781.26954545455
1998-03-01,1998,1,3,GM12_NASDAQ12,1998-03-01T00:00:00-03:00,1781.26954545455
1998-04-01,1998,1,4,GM12_NASDAQ12,1998-04-01T00:00:00-03:00,1852.3
1998-04-01,1998,1,4,GM12_NASDAQ12,1998-04-01T00:00:00-03:00,1852.3
1998-05-01,1998,1,5,GM12_NASDAQ12,1998-05-01T00:00:00-03:00,1836.3925
1998-05-01,1998,1,5,GM12_NASDAQ12,1998-05-01T00:00:00-03:00,1836.3925
1998-06-01,1998,1,6,GM12_NASDAQ12,1998-06-01T00:00:00-03:00,1793.98318181818
1998-06-01,1998,1,6,GM12_NASDAQ12,1998-06-01T00:00:00-03:00,1793.98318181818
1998-07-01,1998,1,7,GM12_NASDAQ12,1998-07-01T00:00:00-03:00,1941.57681818182
1998-07-01,1998,1,7,GM12_NASDAQ12,1998-07-01T00:00:00-03:00,1941.57681818182
1998-08-01,1998,1,8,GM12_NASDAQ12,1998-08-01T00:00:00-03:00,1784.75047619048
1998-08-01,1998,1,8,GM12_NASDAQ12,1998-08-01T00:00:00-03:00,1784.75047619048
1998-09-01,1998,1,9,GM12_NASDAQ12,1998-09-01T00:00:00-03:00,1663.42714285714
1998-09-01,1998,1,9,GM12_NASDAQ12,1998-09-01T00:00:00-03:00,1663.42714285714
1998-10-01,1998,1,10,GM12_NASDAQ12,1998-10-01T00:00:00-03:00,1615.69454545455
1998-10-01,1998,1,10,GM12_NASDAQ12,1998-10-01T00:00:00-03:00,1615.69454545455
1998-11-01,1998,1,11,GM12_NASDAQ12,1998-11-01T00:00:00-03:00,1888.721
1998-11-01,1998,1,11,GM12_NASDAQ12,1998-11-01T00:00:00-03:00,1888.721
1998-12-01,1998,1,12,GM12_NASDAQ12,1998-12-01T00:00:00-02:00,2071.03272727273
1998-12-01,1998,1,12,GM12_NASDAQ12,1998-12-01T00:00:00-02:00,2071.03272727273
1999-01-01,1999,1,1,GM12_NASDAQ12,1999-01-01T00:00:00-02:00,2357.8
1999-01-01,1999,1,1,GM12_NASDAQ12,1999-01-01T00:00:00-02:00,2357.8
1999-02-01,1999,1,2,GM12_NASDAQ12,1999-02-01T00:00:00-02:00,2356.98842105263
1999-02-01,1999,1,2,GM12_NASDAQ12,1999-02-01T00:00:00-02:00,2356.98842105263
1999-03-01,1999,1,3,GM12_NASDAQ12,1999-03-01T00:00:00-03:00,2391.14
1999-03-01,1999,1,3,GM12_NASDAQ12,1999-03-01T00:00:00-03:00,2391.14
1999-04-01,1999,1,4,GM12_NASDAQ12,1999-04-01T00:00:00-03:00,2548.01904761905
1999-04-01,1999,1,4,GM12_NASDAQ12,1999-04-01T00:00:00-03:00,2548.01904761905
1999-05-01,1999,1,5,GM12_NASDAQ12,1999-05-01T00:00:00-03:00,2512.595
1999-05-01,1999,1,5,GM12_NASDAQ12,1999-05-01T00:00:00-03:00,2512.595
1999-06-01,1999,1,6,GM12_NASDAQ12,1999-06-01T00:00:00-03:00,2520.95863636364
1999-06-01,1999,1,6,GM12_NASDAQ12,1999-06-01T00:00:00-03:00,2520.95863636364
1999-07-01,1999,1,7,GM12_NASDAQ12,1999-07-01T00:00:00-03:00,2741.26380952381
1999-07-01,1999,1,7,GM12_NASDAQ12,1999-07-01T00:00:00-03:00,2741.26380952381
1999-08-01,1999,1,8,GM12_NASDAQ12,1999-08-01T00:00:00-03:00,2642.44909090909
1999-08-01,1999,1,8,GM12_NASDAQ12,1999-08-01T00:00:00-03:00,2642.44909090909
1999-09-01,1999,1,9,GM12_NASDAQ12,1999-09-01T00:00:00-03:00,2807.94666666667
1999-09-01,1999,1,9,GM12_NASDAQ12,1999-09-01T00:00:00-03:00,2807.94666666667
1999-10-01,1999,1,10,GM12_NASDAQ12,1999-10-01T00:00:00-03:00,2815.27666666667
1999-10-01,1999,1,10,GM12_NASDAQ12,1999-10-01T00:00:00-03:00,2815.27666666667
1999-11-01,1999,1,11,GM12_NASDAQ12,1999-11-01T00:00:00-03:00,3226.35952380952
1999-11-01,1999,1,11,GM12_NASDAQ12,1999-11-01T00:00:00-03:00,3226.35952380952
1999-12-01,1999,1,12,GM12_NASDAQ12,1999-12-01T00:00:00-02:00,3743.81090909091
1999-12-01,1999,1,12,GM12_NASDAQ12,1999-12-01T00:00:00-02:00,3743.81090909091
2000-01-01,2000,1,1,GM12_NASDAQ12,2000-01-01T00:00:00-02:00,4013.494
2000-01-01,2000,1,1,GM12_NASDAQ12,2000-01-01T00:00:00-02:00,4013.494
2000-02-01,2000,1,2,GM12_NASDAQ12,2000-02-01T00:00:00-02:00,4410.871
2000-02-01,2000,1,2,GM12_NASDAQ12,2000-02-01T00:00:00-02:00,4410.871
2000-03-01,2000,1,3,GM12_NASDAQ12,2000-03-01T00:00:00-03:00,4802.98826086957
2000-03-01,2000,1,3,GM12_NASDAQ12,2000-03-01T00:00:00-03:00,4802.98826086957
2000-04-01,2000,1,4,GM12_NASDAQ12,2000-04-01T00:00:00-03:00,3863.6315789473683
2000-04-01,2000,1,4,GM12_NASDAQ12,2000-04-01T00:00:00-03:00,3863.6315789473683
2000-05-01,2000,1,5,GM12_NASDAQ12,2000-05-01T00:00:00-03:00,3528.40909090909
2000-05-01,2000,1,5,GM12_NASDAQ12,2000-05-01T00:00:00-03:00,3528.40909090909
2000-06-01,2000,1,6,GM12_NASDAQ12,2000-06-01T00:00:00-03:00,3865.4545454545455
2000-06-01,2000,1,6,GM12_NASDAQ12,2000-06-01T00:00:00-03:00,3865.4545454545455
2000-07-01,2000,1,7,GM12_NASDAQ12,2000-07-01T00:00:00-03:00,4017.75
2000-07-01,2000,1,7,GM12_NASDAQ12,2000-07-01T00:00:00-03:00,4017.75
2000-08-01,2000,1,8,GM12_NASDAQ12,2000-08-01T00:00:00-03:00,3909.60869565217
2000-08-01,2000,1,8,GM12_NASDAQ12,2000-08-01T00:00:00-03:00,3909.60869565217
2000-09-01,2000,1,9,GM12_NASDAQ12,2000-09-01T00:00:00-03:00,3875.75
2000-09-01,2000,1,9,GM12_NASDAQ12,2000-09-01T00:00:00-03:00,3875.75
2000-10-01,2000,1,10,GM12_NASDAQ12,2000-10-01T00:00:00-03:00,3333.90909090909
2000-10-01,2000,1,10,GM12_NASDAQ12,2000-10-01T00:00:00-03:00,3333.90909090909
2000-11-01,2000,1,11,GM12_NASDAQ12,2000-11-01T00:00:00-03:00,3055.33333333333
2000-11-01,2000,1,11,GM12_NASDAQ12,2000-11-01T00:00:00-03:00,3055.33333333333
2000-12-01,2000,1,12,GM12_NASDAQ12,2000-12-01T00:00:00-02:00,2657.95
2000-12-01,2000,1,12,GM12_NASDAQ12,2000-12-01T00:00:00-02:00,2657.95
2001-01-01,2001,1,1,GM12_NASDAQ12,2001-01-01T00:00:00-02:00,2655.13636363636
2001-01-01,2001,1,1,GM12_NASDAQ12,2001-01-01T00:00:00-02:00,2655.13636363636
2001-02-01,2001,1,2,GM12_NASDAQ12,2001-02-01T00:00:00-02:00,2449.57894736842
2001-02-01,2001,1,2,GM12_NASDAQ12,2001-02-01T00:00:00-02:00,2449.57894736842
2001-03-01,2001,1,3,GM12_NASDAQ12,2001-03-01T00:00:00-03:00,1986.63636363636
2001-03-01,2001,1,3,GM12_NASDAQ12,2001-03-01T00:00:00-03:00,1986.63636363636
2001-04-01,2001,1,4,GM12_NASDAQ12,2001-04-01T00:00:00-03:00,1933.9
2001-04-01,2001,1,4,GM12_NASDAQ12,2001-04-01T00:00:00-03:00,1933.9
2001-05-01,2001,1,5,GM12_NASDAQ12,2001-05-01T00:00:00-03:00,2181.22727272727
2001-05-01,2001,1,5,GM12_NASDAQ12,2001-05-01T00:00:00-03:00,2181.22727272727
2001-06-01,2001,1,6,GM12_NASDAQ12,2001-06-01T00:00:00-03:00,2112.1428571428573
2001-06-01,2001,1,6,GM12_NASDAQ12,2001-06-01T00:00:00-03:00,2112.1428571428573
2001-07-01,2001,1,7,GM12_NASDAQ12,2001-07-01T00:00:00-03:00,2034.0
2001-07-01,2001,1,7,GM12_NASDAQ12,2001-07-01T00:00:00-03:00,2034.0
2001-08-01,2001,1,8,GM12_NASDAQ12,2001-08-01T00:00:00-03:00,1929.5652173913
2001-08-01,2001,1,8,GM12_NASDAQ12,2001-08-01T00:00:00-03:00,1929.5652173913
2001-09-01,2001,1,9,GM12_NASDAQ12,2001-09-01T00:00:00-03:00,1573.4
2001-09-01,2001,1,9,GM12_NASDAQ12,2001-09-01T00:00:00-03:00,1573.4
2001-10-01,2001,1,10,GM12_NASDAQ12,2001-10-01T00:00:00-03:00,1656.2608695652175
2001-10-01,2001,1,10,GM12_NASDAQ12,2001-10-01T00:00:00-03:00,1656.2608695652175
2001-11-01,2001,1,11,GM12_NASDAQ12,2001-11-01T00:00:00-03:00,1870.095238095238
2001-11-01,2001,1,11,GM12_NASDAQ12,2001-11-01T00:00:00-03:00,1870.095238095238
2001-12-01,2001,1,12,GM12_NASDAQ12,2001-12-01T00:00:00-02:00,1977.65
2001-12-01,2001,1,12,GM12_NASDAQ12,2001-12-01T00:00:00-02:00,1977.65
2002-01-01,2002,1,1,GM12_NASDAQ12,2002-01-01T00:00:00-02:00,1976.7142857142858
2002-01-01,2002,1,1,GM12_NASDAQ12,2002-01-01T00:00:00-02:00,1976.7142857142858
2002-02-01,2002,1,2,GM12_NASDAQ12,2002-02-01T00:00:00-02:00,1799.78947368421
2002-02-01,2002,1,2,GM12_NASDAQ12,2002-02-01T00:00:00-02:00,1799.78947368421
2002-03-01,2002,1,3,GM12_NASDAQ12,2002-03-01T00:00:00-03:00,1862.95
2002-03-01,2002,1,3,GM12_NASDAQ12,2002-03-01T00:00:00-03:00,1862.95
2002-04-01,2002,1,4,GM12_NASDAQ12,2002-04-01T00:00:00-03:00,1758.81818181818
2002-04-01,2002,1,4,GM12_NASDAQ12,2002-04-01T00:00:00-03:00,1758.81818181818
2002-05-01,2002,1,5,GM12_NASDAQ12,2002-05-01T00:00:00-03:00,1660.2727272727273
2002-05-01,2002,1,5,GM12_NASDAQ12,2002-05-01T00:00:00-03:00,1660.2727272727273
2002-06-01,2002,1,6,GM12_NASDAQ12,2002-06-01T00:00:00-03:00,1505.45
2002-06-01,2002,1,6,GM12_NASDAQ12,2002-06-01T00:00:00-03:00,1505.45
2002-07-01,2002,1,7,GM12_NASDAQ12,2002-07-01T00:00:00-03:00,1346.04545454545
2002-07-01,2002,1,7,GM12_NASDAQ12,2002-07-01T00:00:00-03:00,1346.04545454545
2002-08-01,2002,1,8,GM12_NASDAQ12,2002-08-01T00:00:00-03:00,1327.4545454545455
2002-08-01,2002,1,8,GM12_NASDAQ12,2002-08-01T00:00:00-03:00,1327.4545454545455
2002-09-01,2002,1,9,GM12_NASDAQ12,2002-09-01T00:00:00-03:00,1251.0
2002-09-01,2002,1,9,GM12_NASDAQ12,2002-09-01T00:00:00-03:00,1251.0
2002-10-01,2002,1,10,GM12_NASDAQ12,2002-10-01T00:00:00-03:00,1241.91304347826
2002-10-01,2002,1,10,GM12_NASDAQ12,2002-10-01T00:00:00-03:00,1241.91304347826
2002-11-01,2002,1,11,GM12_NASDAQ12,2002-11-01T00:00:00-03:00,1409.25
2002-11-01,2002,1,11,GM12_NASDAQ12,2002-11-01T00:00:00-03:00,1409.25
2002-12-01,2002,1,12,GM12_NASDAQ12,2002-12-01T00:00:00-02:00,1387.1904761904761
2002-12-01,2002,1,12,GM12_NASDAQ12,2002-12-01T00:00:00-02:00,1387.1904761904761
2003-01-01,2003,1,1,GM12_NASDAQ12,2003-01-01T00:00:00-02:00,1389.47619047619
2003-01-01,2003,1,1,GM12_NASDAQ12,2003-01-01T00:00:00-02:00,1389.47619047619
2003-02-01,2003,1,2,GM12_NASDAQ12,2003-02-01T00:00:00-02:00,1313.2631578947369
2003-02-01,2003,1,2,GM12_NASDAQ12,2003-02-01T00:00:00-02:00,1313.2631578947369
2003-03-01,2003,1,3,GM12_NASDAQ12,2003-03-01T00:00:00-03:00,1348.42857142857
2003-03-01,2003,1,3,GM12_NASDAQ12,2003-03-01T00:00:00-03:00,1348.42857142857
2003-04-01,2003,1,4,GM12_NASDAQ12,2003-04-01T00:00:00-03:00,1409.90476190476
2003-04-01,2003,1,4,GM12_NASDAQ12,2003-04-01T00:00:00-03:00,1409.90476190476
2003-05-01,2003,1,5,GM12_NASDAQ12,2003-05-01T00:00:00-03:00,1524.28571428571
2003-05-01,2003,1,5,GM12_NASDAQ12,2003-05-01T00:00:00-03:00,1524.28571428571
2003-06-01,2003,1,6,GM12_NASDAQ12,2003-06-01T00:00:00-03:00,1631.85714285714
2003-06-01,2003,1,6,GM12_NASDAQ12,2003-06-01T00:00:00-03:00,1631.85714285714
2003-07-01,2003,1,7,GM12_NASDAQ12,2003-07-01T00:00:00-03:00,1716.7727272727273
2003-07-01,2003,1,7,GM12_NASDAQ12,2003-07-01T00:00:00-03:00,1716.7727272727273
2003-08-01,2003,1,8,GM12_NASDAQ12,2003-08-01T00:00:00-03:00,1724.85714285714
2003-08-01,2003,1,8,GM12_NASDAQ12,2003-08-01T00:00:00-03:00,1724.85714285714
2003-09-01,2003,1,9,GM12_NASDAQ12,2003-09-01T00:00:00-03:00,1856.28571428571
2003-09-01,2003,1,9,GM12_NASDAQ12,2003-09-01T00:00:00-03:00,1856.28571428571
2003-10-01,2003,1,10,GM12_NASDAQ12,2003-10-01T00:00:00-03:00,1907.91304347826
2003-10-01,2003,1,10,GM12_NASDAQ12,2003-10-01T00:00:00-03:00,1907.91304347826
2003-11-01,2003,1,11,GM12_NASDAQ12,2003-11-01T00:00:00-03:00,1939.2631578947369
2003-11-01,2003,1,11,GM12_NASDAQ12,2003-11-01T00:00:00-03:00,1939.2631578947369
2003-12-01,2003,1,12,GM12_NASDAQ12,2003-12-01T00:00:00-02:00,1956.90909090909
2003-12-01,2003,1,12,GM12_NASDAQ12,2003-12-01T00:00:00-02:00,1956.90909090909
2004-01-01,2004,1,1,GM12_NASDAQ12,2004-01-01T00:00:00-02:00,2097.9
2004-01-01,2004,1,1,GM12_NASDAQ12,2004-01-01T00:00:00-02:00,2097.9
2004-02-01,2004,1,2,GM12_NASDAQ12,2004-02-01T00:00:00-02:00,2048.4210526315787
2004-02-01,2004,1,2,GM12_NASDAQ12,2004-02-01T00:00:00-02:00,2048.4210526315787
2004-03-01,2004,1,3,GM12_NASDAQ12,2004-03-01T00:00:00-03:00,1979.4782608695652
2004-03-01,2004,1,3,GM12_NASDAQ12,2004-03-01T00:00:00-03:00,1979.4782608695652
2004-04-01,2004,1,4,GM12_NASDAQ12,2004-04-01T00:00:00-03:00,2021.38095238095
2004-04-01,2004,1,4,GM12_NASDAQ12,2004-04-01T00:00:00-03:00,2021.38095238095
2004-05-01,2004,1,5,GM12_NASDAQ12,2004-05-01T00:00:00-03:00,1930.1
2004-05-01,2004,1,5,GM12_NASDAQ12,2004-05-01T00:00:00-03:00,1930.1
2004-06-01,2004,1,6,GM12_NASDAQ12,2004-06-01T00:00:00-03:00,2001.095238095238
2004-06-01,2004,1,6,GM12_NASDAQ12,2004-06-01T00:00:00-03:00,2001.095238095238
2004-07-01,2004,1,7,GM12_NASDAQ12,2004-07-01T00:00:00-03:00,1912.38095238095
2004-07-01,2004,1,7,GM12_NASDAQ12,2004-07-01T00:00:00-03:00,1912.38095238095
2004-08-01,2004,1,8,GM12_NASDAQ12,2004-08-01T00:00:00-03:00,1821.5
2004-08-01,2004,1,8,GM12_NASDAQ12,2004-08-01T00:00:00-03:00,1821.5
2004-09-01,2004,1,9,GM12_NASDAQ12,2004-09-01T00:00:00-03:00,1884.6666666666667
2004-09-01,2004,1,9,GM12_NASDAQ12,2004-09-01T00:00:00-03:00,1884.6666666666667
2004-10-01,2004,1,10,GM12_NASDAQ12,2004-10-01T00:00:00-03:00,1938.38095238095
2004-10-01,2004,1,10,GM12_NASDAQ12,2004-10-01T00:00:00-03:00,1938.38095238095
2004-11-01,2004,1,11,GM12_NASDAQ12,2004-11-01T00:00:00-03:00,2062.90476190476
2004-11-01,2004,1,11,GM12_NASDAQ12,2004-11-01T00:00:00-03:00,2062.90476190476
2004-12-01,2004,1,12,GM12_NASDAQ12,2004-12-01T00:00:00-02:00,2149.54545454545
2004-12-01,2004,1,12,GM12_NASDAQ12,2004-12-01T00:00:00-02:00,2149.54545454545
2005-01-01,2005,1,1,GM12_NASDAQ12,2005-01-01T00:00:00-02:00,2071.95
2005-01-01,2005,1,1,GM12_NASDAQ12,2005-01-01T00:00:00-02:00,2071.95
2005-02-01,2005,1,2,GM12_NASDAQ12,2005-02-01T00:00:00-02:00,2065.78947368421
2005-02-01,2005,1,2,GM12_NASDAQ12,2005-02-01T00:00:00-02:00,2065.78947368421
2005-03-01,2005,1,3,GM12_NASDAQ12,2005-03-01T00:00:00-03:00,2030.5
2005-03-01,2005,1,3,GM12_NASDAQ12,2005-03-01T00:00:00-03:00,2030.5
2005-04-01,2005,1,4,GM12_NASDAQ12,2005-04-01T00:00:00-03:00,1957.38095238095
2005-04-01,2005,1,4,GM12_NASDAQ12,2005-04-01T00:00:00-03:00,1957.38095238095
2005-05-01,2005,1,5,GM12_NASDAQ12,2005-05-01T00:00:00-03:00,2005.28571428571
2005-05-01,2005,1,5,GM12_NASDAQ12,2005-05-01T00:00:00-03:00,2005.28571428571
2005-06-01,2005,1,6,GM12_NASDAQ12,2005-06-01T00:00:00-03:00,2074.0
2005-06-01,2005,1,6,GM12_NASDAQ12,2005-06-01T00:00:00-03:00,2074.0
2005-07-01,2005,1,7,GM12_NASDAQ12,2005-07-01T00:00:00-03:00,2145.2
2005-07-01,2005,1,7,GM12_NASDAQ12,2005-07-01T00:00:00-03:00,2145.2
2005-08-01,2005,1,8,GM12_NASDAQ12,2005-08-01T00:00:00-03:00,2157.82608695652
2005-08-01,2005,1,8,GM12_NASDAQ12,2005-08-01T00:00:00-03:00,2157.82608695652
2005-09-01,2005,1,9,GM12_NASDAQ12,2005-09-01T00:00:00-03:00,2144.5714285714284
2005-09-01,2005,1,9,GM12_NASDAQ12,2005-09-01T00:00:00-03:00,2144.5714285714284
2005-10-01,2005,1,10,GM12_NASDAQ12,2005-10-01T00:00:00-03:00,2086.95238095238
2005-10-01,2005,1,10,GM12_NASDAQ12,2005-10-01T00:00:00-03:00,2086.95238095238
2005-11-01,2005,1,11,GM12_NASDAQ12,2005-11-01T00:00:00-02:00,2202.80952380952
2005-11-01,2005,1,11,GM12_NASDAQ12,2005-11-01T00:00:00-02:00,2202.80952380952
2005-12-01,2005,1,12,GM12_NASDAQ12,2005-12-01T00:00:00-02:00,2246.0476190476193
2005-12-01,2005,1,12,GM12_NASDAQ12,2005-12-01T00:00:00-02:00,2246.0476190476193
2006-01-01,2006,1,1,GM12_NASDAQ12,2006-01-01T00:00:00-02:00,2290.05
2006-01-01,2006,1,1,GM12_NASDAQ12,2006-01-01T00:00:00-02:00,2290.05
2006-02-01,2006,1,2,GM12_NASDAQ12,2006-02-01T00:00:00-02:00,2273.684210526316
2006-02-01,2006,1,2,GM12_NASDAQ12,2006-02-01T00:00:00-02:00,2273.684210526316
2006-03-01,2006,1,3,GM12_NASDAQ12,2006-03-01T00:00:00-03:00,2300.2608695652175
2006-03-01,2006,1,3,GM12_NASDAQ12,2006-03-01T00:00:00-03:00,2300.2608695652175
2006-04-01,2006,1,4,GM12_NASDAQ12,2006-04-01T00:00:00-03:00,2338.684210526316
2006-04-01,2006,1,4,GM12_NASDAQ12,2006-04-01T00:00:00-03:00,2338.684210526316
2006-05-01,2006,1,5,GM12_NASDAQ12,2006-05-01T00:00:00-03:00,2245.3636363636365
2006-05-01,2006,1,5,GM12_NASDAQ12,2006-05-01T00:00:00-03:00,2245.3636363636365
2006-06-01,2006,1,6,GM12_NASDAQ12,2006-06-01T00:00:00-03:00,2137.31818181818
2006-06-01,2006,1,6,GM12_NASDAQ12,2006-06-01T00:00:00-03:00,2137.31818181818
2006-07-01,2006,1,7,GM12_NASDAQ12,2006-07-01T00:00:00-03:00,2086.05
2006-07-01,2006,1,7,GM12_NASDAQ12,2006-07-01T00:00:00-03:00,2086.05
2006-08-01,2006,1,8,GM12_NASDAQ12,2006-08-01T00:00:00-03:00,2117.86956521739
2006-08-01,2006,1,8,GM12_NASDAQ12,2006-08-01T00:00:00-03:00,2117.86956521739
2006-09-01,2006,1,9,GM12_NASDAQ12,2006-09-01T00:00:00-03:00,2221.95
2006-09-01,2006,1,9,GM12_NASDAQ12,2006-09-01T00:00:00-03:00,2221.95
2006-10-01,2006,1,10,GM12_NASDAQ12,2006-10-01T00:00:00-03:00,2330.22727272727
2006-10-01,2006,1,10,GM12_NASDAQ12,2006-10-01T00:00:00-03:00,2330.22727272727
2006-11-01,2006,1,11,GM12_NASDAQ12,2006-11-01T00:00:00-03:00,2408.7619047619
2006-11-01,2006,1,11,GM12_NASDAQ12,2006-11-01T00:00:00-03:00,2408.7619047619
2006-12-01,2006,1,12,GM12_NASDAQ12,2006-12-01T00:00:00-02:00,2431.95
2006-12-01,2006,1,12,GM12_NASDAQ12,2006-12-01T00:00:00-02:00,2431.95
2007-01-01,2007,1,1,GM12_NASDAQ12,2007-01-01T00:00:00-02:00,2453.05
2007-01-01,2007,1,1,GM12_NASDAQ12,2007-01-01T00:00:00-02:00,2453.05
2007-02-01,2007,1,2,GM12_NASDAQ12,2007-02-01T00:00:00-02:00,2479.842105263158
2007-02-01,2007,1,2,GM12_NASDAQ12,2007-02-01T00:00:00-02:00,2479.842105263158
2007-03-01,2007,1,3,GM12_NASDAQ12,2007-03-01T00:00:00-03:00,2401.590909090909
2007-03-01,2007,1,3,GM12_NASDAQ12,2007-03-01T00:00:00-03:00,2401.590909090909
2007-04-01,2007,1,4,GM12_NASDAQ12,2007-04-01T00:00:00-03:00,2499.5
2007-04-01,2007,1,4,GM12_NASDAQ12,2007-04-01T00:00:00-03:00,2499.5
2007-05-01,2007,1,5,GM12_NASDAQ12,2007-05-01T00:00:00-03:00,2562.090909090909
2007-05-01,2007,1,5,GM12_NASDAQ12,2007-05-01T00:00:00-03:00,2562.090909090909
2007-06-01,2007,1,6,GM12_NASDAQ12,2007-06-01T00:00:00-03:00,2595.33333333333
2007-06-01,2007,1,6,GM12_NASDAQ12,2007-06-01T00:00:00-03:00,2595.33333333333
2007-07-01,2007,1,7,GM12_NASDAQ12,2007-07-01T00:00:00-03:00,2655.0476190476193
2007-07-01,2007,1,7,GM12_NASDAQ12,2007-07-01T00:00:00-03:00,2655.0476190476193
2007-08-01,2007,1,8,GM12_NASDAQ12,2007-08-01T00:00:00-03:00,2539.478260869565
2007-08-01,2007,1,8,GM12_NASDAQ12,2007-08-01T00:00:00-03:00,2539.478260869565
2007-09-01,2007,1,9,GM12_NASDAQ12,2007-09-01T00:00:00-03:00,2634.4210526315787
2007-09-01,2007,1,9,GM12_NASDAQ12,2007-09-01T00:00:00-03:00,2634.4210526315787
2007-10-01,2007,1,10,GM12_NASDAQ12,2007-10-01T00:00:00-03:00,2780.391304347826
2007-10-01,2007,1,10,GM12_NASDAQ12,2007-10-01T00:00:00-03:00,2780.391304347826
2007-11-01,2007,1,11,GM12_NASDAQ12,2007-11-01T00:00:00-02:00,2662.80952380952
2007-11-01,2007,1,11,GM12_NASDAQ12,2007-11-01T00:00:00-02:00,2662.80952380952
2007-12-01,2007,1,12,GM12_NASDAQ12,2007-12-01T00:00:00-02:00,2661.45
2007-12-01,2007,1,12,GM12_NASDAQ12,2007-12-01T00:00:00-02:00,2661.45
2008-01-01,2008,1,1,GM12_NASDAQ12,2008-01-01T00:00:00-02:00,2418.190476190476
2008-01-01,2008,1,1,GM12_NASDAQ12,2008-01-01T00:00:00-02:00,2418.190476190476
2008-02-01,2008,1,2,GM12_NASDAQ12,2008-02-01T00:00:00-02:00,2325.85
2008-02-01,2008,1,2,GM12_NASDAQ12,2008-02-01T00:00:00-02:00,2325.85
2008-03-01,2008,1,3,GM12_NASDAQ12,2008-03-01T00:00:00-03:00,2254.8
2008-03-01,2008,1,3,GM12_NASDAQ12,2008-03-01T00:00:00-03:00,2254.8
2008-04-01,2008,1,4,GM12_NASDAQ12,2008-04-01T00:00:00-03:00,2368.090909090909
2008-04-01,2008,1,4,GM12_NASDAQ12,2008-04-01T00:00:00-03:00,2368.090909090909
2008-05-01,2008,1,5,GM12_NASDAQ12,2008-05-01T00:00:00-03:00,2483.2380952380954
2008-05-01,2008,1,5,GM12_NASDAQ12,2008-05-01T00:00:00-03:00,2483.2380952380954
2008-06-01,2008,1,6,GM12_NASDAQ12,2008-06-01T00:00:00-03:00,2427.47619047619
2008-06-01,2008,1,6,GM12_NASDAQ12,2008-06-01T00:00:00-03:00,2427.47619047619
2008-07-01,2008,1,7,GM12_NASDAQ12,2008-07-01T00:00:00-03:00,2278.181818181818
2008-07-01,2008,1,7,GM12_NASDAQ12,2008-07-01T00:00:00-03:00,2278.181818181818
2008-08-01,2008,1,8,GM12_NASDAQ12,2008-08-01T00:00:00-03:00,2389.38095238095
2008-08-01,2008,1,8,GM12_NASDAQ12,2008-08-01T00:00:00-03:00,2389.38095238095
2008-09-01,2008,1,9,GM12_NASDAQ12,2008-09-01T00:00:00-03:00,2205.714285714286
2008-09-01,2008,1,9,GM12_NASDAQ12,2008-09-01T00:00:00-03:00,2205.714285714286
2008-10-01,2008,1,10,GM12_NASDAQ12,2008-10-01T00:00:00-03:00,1730.304347826087
2008-10-01,2008,1,10,GM12_NASDAQ12,2008-10-01T00:00:00-03:00,1730.304347826087
2008-11-01,2008,1,11,GM12_NASDAQ12,2008-11-01T00:00:00-02:00,1542.6842105263158
2008-11-01,2008,1,11,GM12_NASDAQ12,2008-11-01T00:00:00-02:00,1542.6842105263158
2008-12-01,2008,1,12,GM12_NASDAQ12,2008-12-01T00:00:00-02:00,1525.81818181818
2008-12-01,2008,1,12,GM12_NASDAQ12,2008-12-01T00:00:00-02:00,1525.81818181818
2009-01-01,2009,1,1,GM12_NASDAQ12,2009-01-01T00:00:00-02:00,1537.1
2009-01-01,2009,1,1,GM12_NASDAQ12,2009-01-01T00:00:00-02:00,1537.1
2009-02-01,2009,1,2,GM12_NASDAQ12,2009-02-01T00:00:00-02:00,1485.94736842105
2009-02-01,2009,1,2,GM12_NASDAQ12,2009-02-01T00:00:00-02:00,1485.94736842105
2009-03-01,2009,1,3,GM12_NASDAQ12,2009-03-01T00:00:00-03:00,1432.31818181818
2009-03-01,2009,1,3,GM12_NASDAQ12,2009-03-01T00:00:00-03:00,1432.31818181818
2009-04-01,2009,1,4,GM12_NASDAQ12,2009-04-01T00:00:00-03:00,1641.1904761904761
2009-04-01,2009,1,4,GM12_NASDAQ12,2009-04-01T00:00:00-03:00,1641.1904761904761
2009-05-01,2009,1,5,GM12_NASDAQ12,2009-05-01T00:00:00-03:00,1726.0
2009-05-01,2009,1,5,GM12_NASDAQ12,2009-05-01T00:00:00-03:00,1726.0
2009-06-01,2009,1,6,GM12_NASDAQ12,2009-06-01T00:00:00-03:00,1826.90909090909
2009-06-01,2009,1,6,GM12_NASDAQ12,2009-06-01T00:00:00-03:00,1826.90909090909
2009-07-01,2009,1,7,GM12_NASDAQ12,2009-07-01T00:00:00-03:00,1873.90909090909
2009-07-01,2009,1,7,GM12_NASDAQ12,2009-07-01T00:00:00-03:00,1873.90909090909
2009-08-01,2009,1,8,GM12_NASDAQ12,2009-08-01T00:00:00-03:00,1997.142857142857
2009-08-01,2009,1,8,GM12_NASDAQ12,2009-08-01T00:00:00-03:00,1997.142857142857
2009-09-01,2009,1,9,GM12_NASDAQ12,2009-09-01T00:00:00-03:00,2084.7619047619
2009-09-01,2009,1,9,GM12_NASDAQ12,2009-09-01T00:00:00-03:00,2084.7619047619
2009-10-01,2009,1,10,GM12_NASDAQ12,2009-10-01T00:00:00-03:00,2122.7727272727275
2009-10-01,2009,1,10,GM12_NASDAQ12,2009-10-01T00:00:00-03:00,2122.7727272727275
2009-11-01,2009,1,11,GM12_NASDAQ12,2009-11-01T00:00:00-02:00,2143.5
2009-11-01,2009,1,11,GM12_NASDAQ12,2009-11-01T00:00:00-02:00,2143.5
2009-12-01,2009,1,12,GM12_NASDAQ12,2009-12-01T00:00:00-02:00,2220.63636363636
2009-12-01,2009,1,12,GM12_NASDAQ12,2009-12-01T00:00:00-02:00,2220.63636363636
2010-01-01,2010,1,1,GM12_NASDAQ12,2010-01-01T00:00:00-02:00,2267.684210526316
2010-01-01,2010,1,1,GM12_NASDAQ12,2010-01-01T00:00:00-02:00,2267.684210526316
2010-02-01,2010,1,2,GM12_NASDAQ12,2010-02-01T00:00:00-02:00,2194.36842105263
2010-02-01,2010,1,2,GM12_NASDAQ12,2010-02-01T00:00:00-02:00,2194.36842105263
2010-03-01,2010,1,3,GM12_NASDAQ12,2010-03-01T00:00:00-03:00,2362.1739130434785
2010-03-01,2010,1,3,GM12_NASDAQ12,2010-03-01T00:00:00-03:00,2362.1739130434785
2010-04-01,2010,1,4,GM12_NASDAQ12,2010-04-01T00:00:00-03:00,2475.7619047619
2010-04-01,2010,1,4,GM12_NASDAQ12,2010-04-01T00:00:00-03:00,2475.7619047619
2010-05-01,2010,1,5,GM12_NASDAQ12,2010-05-01T00:00:00-03:00,2319.25
2010-05-01,2010,1,5,GM12_NASDAQ12,2010-05-01T00:00:00-03:00,2319.25
2010-06-01,2010,1,6,GM12_NASDAQ12,2010-06-01T00:00:00-03:00,2235.22727272727
2010-06-01,2010,1,6,GM12_NASDAQ12,2010-06-01T00:00:00-03:00,2235.22727272727
2010-07-01,2010,1,7,GM12_NASDAQ12,2010-07-01T00:00:00-03:00,2210.1428571428573
2010-07-01,2010,1,7,GM12_NASDAQ12,2010-07-01T00:00:00-03:00,2210.1428571428573
2010-08-01,2010,1,8,GM12_NASDAQ12,2010-08-01T00:00:00-03:00,2205.3636363636365
2010-08-01,2010,1,8,GM12_NASDAQ12,2010-08-01T00:00:00-03:00,2205.3636363636365
2010-09-01,2010,1,9,GM12_NASDAQ12,2010-09-01T00:00:00-03:00,2298.42857142857
2010-09-01,2010,1,9,GM12_NASDAQ12,2010-09-01T00:00:00-03:00,2298.42857142857
2010-10-01,2010,1,10,GM12_NASDAQ12,2010-10-01T00:00:00-03:00,2441.28571428571
2010-10-01,2010,1,10,GM12_NASDAQ12,2010-10-01T00:00:00-03:00,2441.28571428571
2010-11-01,2010,1,11,GM12_NASDAQ12,2010-11-01T00:00:00-02:00,2531.0
2010-11-01,2010,1,11,GM12_NASDAQ12,2010-11-01T00:00:00-02:00,2531.0
2010-12-01,2010,1,12,GM12_NASDAQ12,2010-12-01T00:00:00-02:00,2631.54545454545
2010-12-01,2010,1,12,GM12_NASDAQ12,2010-12-01T00:00:00-02:00,2631.54545454545
2011-01-01,2011,1,1,GM12_NASDAQ12,2011-01-01T00:00:00-02:00,2717.2
2011-01-01,2011,1,1,GM12_NASDAQ12,2011-01-01T00:00:00-02:00,2717.2
2011-02-01,2011,1,2,GM12_NASDAQ12,2011-02-01T00:00:00-02:00,2783.4736842105262
2011-02-01,2011,1,2,GM12_NASDAQ12,2011-02-01T00:00:00-02:00,2783.4736842105262
2011-03-01,2011,1,3,GM12_NASDAQ12,2011-03-01T00:00:00-03:00,2722.3478260869565
2011-03-01,2011,1,3,GM12_NASDAQ12,2011-03-01T00:00:00-03:00,2722.3478260869565
2011-04-01,2011,1,4,GM12_NASDAQ12,2011-04-01T00:00:00-03:00,2797.2
2011-04-01,2011,1,4,GM12_NASDAQ12,2011-04-01T00:00:00-03:00,2797.2
2011-05-01,2011,1,5,GM12_NASDAQ12,2011-05-01T00:00:00-03:00,2815.0
2011-05-01,2011,1,5,GM12_NASDAQ12,2011-05-01T00:00:00-03:00,2815.0
2011-06-01,2011,1,6,GM12_NASDAQ12,2011-06-01T00:00:00-03:00,2687.7727272727275
2011-06-01,2011,1,6,GM12_NASDAQ12,2011-06-01T00:00:00-03:00,2687.7727272727275
2011-07-01,2011,1,7,GM12_NASDAQ12,2011-07-01T00:00:00-03:00,2810.65
2011-07-01,2011,1,7,GM12_NASDAQ12,2011-07-01T00:00:00-03:00,2810.65
2011-08-01,2011,1,8,GM12_NASDAQ12,2011-08-01T00:00:00-03:00,2504.5652173913
2011-08-01,2011,1,8,GM12_NASDAQ12,2011-08-01T00:00:00-03:00,2504.5652173913
2011-09-01,2011,1,9,GM12_NASDAQ12,2011-09-01T00:00:00-03:00,2524.1428571428573
2011-09-01,2011,1,9,GM12_NASDAQ12,2011-09-01T00:00:00-03:00,2524.1428571428573
2011-10-01,2011,1,10,GM12_NASDAQ12,2011-10-01T00:00:00-03:00,2594.7619047619
2011-10-01,2011,1,10,GM12_NASDAQ12,2011-10-01T00:00:00-03:00,2594.7619047619
2011-11-01,2011,1,11,GM12_NASDAQ12,2011-11-01T00:00:00-02:00,2606.2380952380954
2011-11-01,2011,1,11,GM12_NASDAQ12,2011-11-01T00:00:00-02:00,2606.2380952380954
2011-12-01,2011,1,12,GM12_NASDAQ12,2011-12-01T00:00:00-02:00,2601.6190476190477
2011-12-01,2011,1,12,GM12_NASDAQ12,2011-12-01T00:00:00-02:00,2601.6190476190477
2012-01-01,2012,1,1,GM12_NASDAQ12,2012-01-01T00:00:00-02:00,2743.85
2012-01-01,2012,1,1,GM12_NASDAQ12,2012-01-01T00:00:00-02:00,2743.85
2012-02-01,2012,1,2,GM12_NASDAQ12,2012-02-01T00:00:00-02:00,2929.05
2012-02-01,2012,1,2,GM12_NASDAQ12,2012-02-01T00:00:00-02:00,2929.05
2012-03-01,2012,1,3,GM12_NASDAQ12,2012-03-01T00:00:00-03:00,3035.81818181818
2012-03-01,2012,1,3,GM12_NASDAQ12,2012-03-01T00:00:00-03:00,3035.81818181818
2012-04-01,2012,1,4,GM12_NASDAQ12,2012-04-01T00:00:00-03:00,3035.05
2012-04-01,2012,1,4,GM12_NASDAQ12,2012-04-01T00:00:00-03:00,3035.05
2012-05-01,2012,1,5,GM12_NASDAQ12,2012-05-01T00:00:00-03:00,2900.40909090909
2012-05-01,2012,1,5,GM12_NASDAQ12,2012-05-01T00:00:00-03:00,2900.40909090909
2012-06-01,2012,1,6,GM12_NASDAQ12,2012-06-01T00:00:00-03:00,2850.2380952380954
2012-06-01,2012,1,6,GM12_NASDAQ12,2012-06-01T00:00:00-03:00,2850.2380952380954
2012-07-01,2012,1,7,GM12_NASDAQ12,2012-07-01T00:00:00-03:00,2920.0476190476193
2012-07-01,2012,1,7,GM12_NASDAQ12,2012-07-01T00:00:00-03:00,2920.0476190476193
2012-08-01,2012,1,8,GM12_NASDAQ12,2012-08-01T00:00:00-03:00,3032.69565217391
2012-08-01,2012,1,8,GM12_NASDAQ12,2012-08-01T00:00:00-03:00,3032.69565217391
2012-09-01,2012,1,9,GM12_NASDAQ12,2012-09-01T00:00:00-03:00,3136.8947368421054
2012-09-01,2012,1,9,GM12_NASDAQ12,2012-09-01T00:00:00-03:00,3136.8947368421054
2012-10-01,2012,1,10,GM12_NASDAQ12,2012-10-01T00:00:00-03:00,3060.190476190476
2012-10-01,2012,1,10,GM12_NASDAQ12,2012-10-01T00:00:00-03:00,3060.190476190476
2012-11-01,2012,1,11,GM12_NASDAQ12,2012-11-01T00:00:00-02:00,2941.095238095238
2012-11-01,2012,1,11,GM12_NASDAQ12,2012-11-01T00:00:00-02:00,2941.095238095238
2012-12-01,2012,1,12,GM12_NASDAQ12,2012-12-01T00:00:00-02:00,3003.8
2012-12-01,2012,1,12,GM12_NASDAQ12,2012-12-01T00:00:00-02:00,3003.8
2013-01-01,2013,1,1,GM12_NASDAQ12,2013-01-01T00:00:00-02:00,3126.0476190476193
2013-01-01,2013,1,1,GM12_NASDAQ12,2013-01-01T00:00:00-02:00,3126.0476190476193
2013-02-01,2013,1,2,GM12_NASDAQ12,2013-02-01T00:00:00-02:00,3169.15789473684
2013-02-01,2013,1,2,GM12_NASDAQ12,2013-02-01T00:00:00-02:00,3169.15789473684
2013-03-01,2013,1,3,GM12_NASDAQ12,2013-03-01T00:00:00-03:00,3236.15
2013-03-01,2013,1,3,GM12_NASDAQ12,2013-03-01T00:00:00-03:00,3236.15
2013-04-01,2013,1,4,GM12_NASDAQ12,2013-04-01T00:00:00-03:00,3251.3636363636365
2013-04-01,2013,1,4,GM12_NASDAQ12,2013-04-01T00:00:00-03:00,3251.3636363636365
2013-05-01,2013,1,5,GM12_NASDAQ12,2013-05-01T00:00:00-03:00,3440.40909090909
2013-05-01,2013,1,5,GM12_NASDAQ12,2013-05-01T00:00:00-03:00,3440.40909090909
2013-06-01,2013,1,6,GM12_NASDAQ12,2013-06-01T00:00:00-03:00,3416.65
2013-06-01,2013,1,6,GM12_NASDAQ12,2013-06-01T00:00:00-03:00,3416.65
2013-07-01,2013,1,7,GM12_NASDAQ12,2013-07-01T00:00:00-03:00,3559.54545454545
2013-07-01,2013,1,7,GM12_NASDAQ12,2013-07-01T00:00:00-03:00,3559.54545454545
2013-08-01,2013,1,8,GM12_NASDAQ12,2013-08-01T00:00:00-03:00,3640.0
2013-08-01,2013,1,8,GM12_NASDAQ12,2013-08-01T00:00:00-03:00,3640.0
2013-09-01,2013,1,9,GM12_NASDAQ12,2013-09-01T00:00:00-03:00,3731.25
2013-09-01,2013,1,9,GM12_NASDAQ12,2013-09-01T00:00:00-03:00,3731.25
2013-10-01,2013,1,10,GM12_NASDAQ12,2013-10-01T00:00:00-03:00,3848.1739130434785
2013-10-01,2013,1,10,GM12_NASDAQ12,2013-10-01T00:00:00-03:00,3848.1739130434785
2013-11-01,2013,1,11,GM12_NASDAQ12,2013-11-01T00:00:00-02:00,3957.65
2013-11-01,2013,1,11,GM12_NASDAQ12,2013-11-01T00:00:00-02:00,3957.65
2013-12-01,2013,1,12,GM12_NASDAQ12,2013-12-01T00:00:00-02:00,4075.90476190476
2013-12-01,2013,1,12,GM12_NASDAQ12,2013-12-01T00:00:00-02:00,4075.90476190476
2014-01-01,2014,1,1,GM12_NASDAQ12,2014-01-01T00:00:00-02:00,4154.42857142857
2014-01-01,2014,1,1,GM12_NASDAQ12,2014-01-01T00:00:00-02:00,4154.42857142857
2014-02-01,2014,1,2,GM12_NASDAQ12,2014-02-01T00:00:00-02:00,4199.52631578947
2014-02-01,2014,1,2,GM12_NASDAQ12,2014-02-01T00:00:00-02:00,4199.52631578947
2014-03-01,2014,1,3,GM12_NASDAQ12,2014-03-01T00:00:00-03:00,4276.238095238095
2014-03-01,2014,1,3,GM12_NASDAQ12,2014-03-01T00:00:00-03:00,4276.238095238095
2014-04-01,2014,1,4,GM12_NASDAQ12,2014-04-01T00:00:00-03:00,4119.38095238095
2014-04-01,2014,1,4,GM12_NASDAQ12,2014-04-01T00:00:00-03:00,4119.38095238095
2014-05-01,2014,1,5,GM12_NASDAQ12,2014-05-01T00:00:00-03:00,4135.47619047619
2014-05-01,2014,1,5,GM12_NASDAQ12,2014-05-01T00:00:00-03:00,4135.47619047619
2014-06-01,2014,1,6,GM12_NASDAQ12,2014-06-01T00:00:00-03:00,4332.714285714285
2014-06-01,2014,1,6,GM12_NASDAQ12,2014-06-01T00:00:00-03:00,4332.714285714285
2014-07-01,2014,1,7,GM12_NASDAQ12,2014-07-01T00:00:00-03:00,4434.13636363636
2014-07-01,2014,1,7,GM12_NASDAQ12,2014-07-01T00:00:00-03:00,4434.13636363636
2014-08-01,2014,1,8,GM12_NASDAQ12,2014-08-01T00:00:00-03:00,4464.85714285714
2014-08-01,2014,1,8,GM12_NASDAQ12,2014-08-01T00:00:00-03:00,4464.85714285714
2014-09-01,2014,1,9,GM12_NASDAQ12,2014-09-01T00:00:00-03:00,4551.619047619048
2014-09-01,2014,1,9,GM12_NASDAQ12,2014-09-01T00:00:00-03:00,4551.619047619048
2014-10-01,2014,1,10,GM12_NASDAQ12,2014-10-01T00:00:00-03:00,4403.173913043478
2014-10-01,2014,1,10,GM12_NASDAQ12,2014-10-01T00:00:00-03:00,4403.173913043478
2014-11-01,2014,1,11,GM12_NASDAQ12,2014-11-01T00:00:00-02:00,4692.75
2014-11-01,2014,1,11,GM12_NASDAQ12,2014-11-01T00:00:00-02:00,4692.75
2014-12-01,2014,1,12,GM12_NASDAQ12,2014-12-01T00:00:00-02:00,4748.363636363636
2014-12-01,2014,1,12,GM12_NASDAQ12,2014-12-01T00:00:00-02:00,4748.363636363636
2015-01-01,2015,1,1,GM12_NASDAQ12,2015-01-01T00:00:00-02:00,4673.7
2015-01-01,2015,1,1,GM12_NASDAQ12,2015-01-01T00:00:00-02:00,4673.7
2015-02-01,2015,1,2,GM12_NASDAQ12,2015-02-01T00:00:00-02:00,4854.31578947368
2015-02-01,2015,1,2,GM12_NASDAQ12,2015-02-01T00:00:00-02:00,4854.31578947368
2015-03-01,2015,1,3,GM12_NASDAQ12,2015-03-01T00:00:00-03:00,4937.954545454545
2015-03-01,2015,1,3,GM12_NASDAQ12,2015-03-01T00:00:00-03:00,4937.954545454545
2015-04-01,2015,1,4,GM12_NASDAQ12,2015-04-01T00:00:00-03:00,4985.90476190476
2015-04-01,2015,1,4,GM12_NASDAQ12,2015-04-01T00:00:00-03:00,4985.90476190476
2015-05-01,2015,1,5,GM12_NASDAQ12,2015-05-01T00:00:00-03:00,5029.5
2015-05-01,2015,1,5,GM12_NASDAQ12,2015-05-01T00:00:00-03:00,5029.5
2015-06-01,2015,1,6,GM12_NASDAQ12,2015-06-01T00:00:00-03:00,5073.090909090909
2015-06-01,2015,1,6,GM12_NASDAQ12,2015-06-01T00:00:00-03:00,5073.090909090909
2015-07-01,2015,1,7,GM12_NASDAQ12,2015-07-01T00:00:00-03:00,5086.863636363636
2015-07-01,2015,1,7,GM12_NASDAQ12,2015-07-01T00:00:00-03:00,5086.863636363636
2015-08-01,2015,1,8,GM12_NASDAQ12,2015-08-01T00:00:00-03:00,4934.619047619048
2015-08-01,2015,1,8,GM12_NASDAQ12,2015-08-01T00:00:00-03:00,4934.619047619048
2015-09-01,2015,1,9,GM12_NASDAQ12,2015-09-01T00:00:00-03:00,4745.38095238095
2015-09-01,2015,1,9,GM12_NASDAQ12,2015-09-01T00:00:00-03:00,4745.38095238095
2015-10-01,2015,1,10,GM12_NASDAQ12,2015-10-01T00:00:00-03:00,4879.04545454545
2015-10-01,2015,1,10,GM12_NASDAQ12,2015-10-01T00:00:00-03:00,4879.04545454545
2015-11-01,2015,1,11,GM12_NASDAQ12,2015-11-01T00:00:00-02:00,5078.85
2015-11-01,2015,1,11,GM12_NASDAQ12,2015-11-01T00:00:00-02:00,5078.85
2015-12-01,2015,1,12,GM12_NASDAQ12,2015-12-01T00:00:00-02:00,5040.454545454545
2015-12-01,2015,1,12,GM12_NASDAQ12,2015-12-01T00:00:00-02:00,5040.454545454545
2016-01-01,2016,1,1,GM12_NASDAQ12,2016-01-01T00:00:00-02:00,4610.684210526316
2016-01-01,2016,1,1,GM12_NASDAQ12,2016-01-01T00:00:00-02:00,4610.684210526316
2016-02-01,2016,1,2,GM12_NASDAQ12,2016-02-01T00:00:00-02:00,4463.3
2016-02-01,2016,1,2,GM12_NASDAQ12,2016-02-01T00:00:00-02:00,4463.3
2016-03-01,2016,1,3,GM12_NASDAQ12,2016-03-01T00:00:00-03:00,4754.5
2016-03-01,2016,1,3,GM12_NASDAQ12,2016-03-01T00:00:00-03:00,4754.5
2016-04-01,2016,1,4,GM12_NASDAQ12,2016-04-01T00:00:00-03:00,4892.0952380952385
2016-04-01,2016,1,4,GM12_NASDAQ12,2016-04-01T00:00:00-03:00,4892.0952380952385
2016-05-01,2016,1,5,GM12_NASDAQ12,2016-05-01T00:00:00-03:00,4788.33333333333
2016-05-01,2016,1,5,GM12_NASDAQ12,2016-05-01T00:00:00-03:00,4788.33333333333
2016-06-01,2016,1,6,GM12_NASDAQ12,2016-06-01T00:00:00-03:00,4860.05
2016-07-01,2016,1,7,GM12_NASDAQ12,2016-07-01T00:00:00-03:00,5024.1
2016-08-01,2016,1,8,GM12_NASDAQ12,2016-08-01T00:00:00-03:00,5217.0
2016-09-01,2016,1,9,GM12_NASDAQ12,2016-09-01T00:00:00-03:00,5252.7
2016-10-01,2016,1,10,GM12_NASDAQ12,2016-10-01T00:00:00-03:00,5256.85
2016-11-01,2016,1,11,GM12_NASDAQ12,2016-11-01T00:00:00-02:00,5273.6
2016-12-01,2016,1,12,GM12_NASDAQ12,2016-12-01T00:00:00-02:00,5413.09523809524
2017-01-01,2017,1,1,GM12_NASDAQ12,2017-01-01T00:00:00-02:00,5563.8
2017-02-01,2017,1,2,GM12_NASDAQ12,2017-02-01T00:00:00-02:00,5767.45
2017-03-01,2017,1,3,GM12_NASDAQ12,2017-03-01T00:00:00-03:00,5864.60869565217
2017-04-01,2017,1,4,GM12_NASDAQ12,2017-04-01T00:00:00-03:00,5912.27777777778
2017-05-01,2017,1,5,GM12_NASDAQ12,2017-05-01T00:00:00-03:00,6125.47368421053
2017-06-01,2017,1,6,GM12_NASDAQ12,2017-06-01T00:00:00-03:00,6232.9
2017-07-01,2017,1,7,GM12_NASDAQ12,2017-07-01T00:00:00-03:00,6294.55
2017-08-01,2017,1,8,GM12_NASDAQ12,2017-08-01T00:00:00-03:00,6317.30434782609
2017-09-01,2017,1,9,GM12_NASDAQ12,2017-09-01T00:00:00-03:00,6430.05882352941
2017-10-01,2017,1,10,GM12_NASDAQ12,2017-10-01T00:00:00-03:00,6603.55
2017-11-01,2017,1,11,GM12_NASDAQ12,2017-11-01T00:00:00-02:00,6805.0
2017-12-01,2017,1,12,GM12_NASDAQ12,2017-12-01T00:00:00-02:00,6888.84210526316
2018-01-01,2018,1,1,GM12_NASDAQ12,2018-01-01T00:00:00-02:00,7279.52380952381
2018-02-01,2018,1,2,GM12_NASDAQ12,2018-02-01T00:00:00-02:00,7165.73684210526
2018-03-01,2018,1,3,GM12_NASDAQ12,2018-03-01T00:00:00-03:00,7311.57142857143
2018-04-01,2018,1,4,GM12_NASDAQ12,2018-04-01T00:00:00-03:00,7084.09523809524
2018-05-01,2018,1,5,GM12_NASDAQ12,2018-05-01T00:00:00-03:00,7349.19047619048
2018-06-01,2018,1,6,GM12_NASDAQ12,2018-06-01T00:00:00-03:00,7645.19047619048
2018-07-01,2018,1,7,GM12_NASDAQ12,2018-07-01T00:00:00-03:00,7756.80952380952
2018-08-01,2018,1,8,GM12_NASDAQ12,2018-08-01T00:00:00-03:00,7892.26086956522
2018-09-01,2018,1,9,GM12_NASDAQ12,2018-09-01T00:00:00-03:00,7983.21052631579
2018-10-01,2018,1,10,GM12_NASDAQ12,2018-10-01T00:00:00-03:00,7527.08695652174
2018-11-01,2018,1,11,GM12_NASDAQ12,2018-11-01T00:00:00-03:00,7236.14285714286
2018-12-01,2018,1,12,GM12_NASDAQ12,2018-12-01T00:00:00-02:00,6814.26315789474
2019-01-01,2019,1,1,GM12_NASDAQ12,2019-01-01T00:00:00-02:00,6979.61904761905
2019-02-01,2019,1,2,GM12_NASDAQ12,2019-02-01T00:00:00-02:00,7430.1052631579
2019-03-01,2019,1,3,GM12_NASDAQ12,2019-03-01T00:00:00-03:00,7629.33333333333
2019-04-01,2019,1,4,GM12_NASDAQ12,2019-04-01T00:00:00-03:00,7994.90476190476
2019-05-01,2019,1,5,GM12_NASDAQ12,2019-05-01T00:00:00-03:00,7804.77272727273
2019-06-01,2019,1,6,GM12_NASDAQ12,2019-06-01T00:00:00-03:00,7826.5
2019-07-01,2019,1,7,GM12_NASDAQ12,2019-07-01T00:00:00-03:00,8205.59863636364
2019-08-01,2019,1,8,GM12_NASDAQ12,2019-08-01T00:00:00-03:00,7910.93318181818
2019-09-01,2019,1,9,GM12_NASDAQ12,2019-09-01T00:00:00-03:00,8087.7
2019-10-01,2019,1,10,GM12_NASDAQ12,2019-10-01T00:00:00-03:00,8079.27826086956
2019-11-01,2019,1,11,GM12_NASDAQ12,2019-11-01T00:00:00-03:00,8517.57744145
2019-12-01,2019,1,12,GM12_NASDAQ12,2019-12-01T00:00:00-03:00,8778.59193638095
2020-01-01,2020,1,1,GM12_NASDAQ12,2020-01-01T00:00:00-03:00,9233.35952380952
2020-02-01,2020,1,2,GM12_NASDAQ12,2020-02-01T00:00:00-03:00,9418.85
2020-03-01,2020,1,3,GM12_NASDAQ12,2020-03-01T00:00:00-03:00,7772.20583286364
2020-04-01,2020,1,4,GM12_NASDAQ12,2020-04-01T00:00:00-03:00,8292.40718009524
2020-05-01,2020,1,5,GM12_NASDAQ12,2020-05-01T00:00:00-03:00,9105.65546875
2020-06-01,2020,1,6,GM12_NASDAQ12,2020-06-01T00:00:00-03:00,9839.97132454545
2020-07-01,2020,1,7,GM12_NASDAQ12,2020-07-01T00:00:00-03:00,10499.8627042727
2020-08-01,2020,1,8,GM12_NASDAQ12,2020-08-01T00:00:00-03:00,11212.2905042857
2020-09-01,2020,1,9,GM12_NASDAQ12,2020-09-01T00:00:00-03:00,11088.6799665238
2020-10-01,2020,1,10,GM12_NASDAQ12,2020-10-01T00:00:00-03:00,11435.2341086818
2020-11-01,2020,1,11,GM12_NASDAQ12,2020-11-01T00:00:00-03:00,11794.46152355
2020-12-01,2020,1,12,GM12_NASDAQ12,2020-12-01T00:00:00-03:00,12619.0509144091
2021-01-01,2021,1,1,GM12_NASDAQ12,2021-01-01T00:00:00-03:00,13186.6057771053
